wmc,dit,noc,cbo,rfc,lcom,ca,ce,npm,lcom3,loc,dam,moa,mfa,cam,ic,cbm,amc,max_cc,avg_cc,defects
8.0,1.0,0.0,6.0,14.0,26.0,2.0,0.0,7.0,1.0,39.0,1.0,2.0,0.0,0.392857143,0.0,0.0,3.5,1.0,0.75,0
2.0,4.0,0.0,4.0,5.0,1.0,1.0,0.0,2.0,2.0,36.0,0.0,0.0,0.975609756,0.666666667,1.0,1.0,17.0,1.0,0.5,0
56.0,1.0,0.0,49.0,89.0,1310.0,40.0,0.0,56.0,0.956473829,583.0,1.0,24.0,0.0,0.1375,0.0,0.0,8.821428571,5.0,1.1964,0
4.0,5.0,1.0,0.0,8.0,6.0,0.0,0.0,4.0,2.0,20.0,0.0,0.0,1.0,0.666666667,0.0,0.0,4.0,0.0,0.0,0
3.0,2.0,0.0,3.0,8.0,3.0,3.0,0.0,3.0,1.5,73.0,0.0,0.0,0.9375,0.833333333,0.0,0.0,22.0,3.0,1.0,0
16.0,1.0,2.0,38.0,91.0,58.0,23.0,0.0,13.0,0.777777778,717.0,0.888888889,7.0,0.0,0.28,0.0,0.0,43.25,15.0,1.9375,1
3.0,1.0,0.0,0.0,3.0,3.0,0.0,0.0,3.0,2.0,3.0,0.0,0.0,0.0,1.0,0.0,0.0,0.0,1.0,1.0,0
10.0,3.0,0.0,3.0,24.0,3.0,1.0,0.0,10.0,0.481481481,114.0,1.0,0.0,0.428571429,0.211111111,1.0,1.0,10.1,3.0,1.0,0
3.0,2.0,0.0,2.0,7.0,3.0,2.0,0.0,3.0,1.5,30.0,0.0,0.0,0.9375,0.833333333,0.0,0.0,8.666666667,3.0,1.0,0
3.0,2.0,0.0,5.0,8.0,3.0,0.0,0.0,2.0,1.0,27.0,1.0,0.0,0.976190476,1.0,0.0,0.0,7.666666667,1.0,0.3333,0
11.0,2.0,0.0,1.0,25.0,35.0,0.0,0.0,11.0,0.65,283.0,1.0,0.0,0.411764706,0.318181818,0.0,0.0,24.36363636,2.0,1.1818,0
4.0,2.0,0.0,12.0,22.0,2.0,1.0,0.0,4.0,0.583333333,1700.0,1.0,3.0,0.5,0.5,1.0,1.0,423.0,1.0,0.5,1
6.0,5.0,0.0,1.0,7.0,15.0,1.0,0.0,6.0,2.0,14.0,0.0,0.0,0.864864865,0.458333333,1.0,1.0,1.333333333,1.0,0.8333,0
0.0,1.0,0.0,0.0,0.0,0.0,0.0,0.0,0.0,2.0,0.0,0.0,0.0,0.0,0.0,0.0,0.0,0.0,0.0,0.0,0
6.0,3.0,0.0,8.0,33.0,3.0,1.0,0.0,1.0,0.4,177.0,1.0,0.0,0.827586207,0.4,1.0,6.0,28.33333333,1.0,0.8333,0
3.0,2.0,0.0,6.0,9.0,1.0,2.0,0.0,3.0,0.0,35.0,1.0,0.0,0.666666667,0.555555556,1.0,1.0,10.33333333,1.0,0.3333,0
14.0,1.0,0.0,3.0,15.0,91.0,3.0,0.0,14.0,2.0,17.0,0.0,0.0,0.0,0.285714286,0.0,0.0,0.214285714,1.0,0.9286,0
2.0,1.0,1.0,0.0,3.0,1.0,0.0,0.0,2.0,2.0,5.0,0.0,0.0,0.0,1.0,0.0,0.0,1.5,1.0,0.5,0
22.0,2.0,0.0,20.0,145.0,127.0,0.0,0.0,15.0,0.867346939,1226.0,0.857142857,1.0,0.545454545,0.306122449,2.0,2.0,54.09090909,10.0,2.3182,0
51.0,1.0,0.0,40.0,207.0,999.0,4.0,0.0,38.0,0.907222222,2594.0,1.0,9.0,0.0,0.092,0.0,0.0,49.15686275,41.0,4.1373,1
1.0,1.0,0.0,0.0,2.0,0.0,0.0,0.0,1.0,2.0,10.0,0.0,0.0,0.0,1.0,0.0,0.0,3.0,0.0,0.0,0
2.0,4.0,0.0,4.0,6.0,1.0,1.0,0.0,2.0,2.0,33.0,0.0,0.0,0.975609756,0.666666667,1.0,1.0,15.5,1.0,0.5,0
33.0,2.0,0.0,9.0,93.0,378.0,0.0,0.0,26.0,0.900862069,995.0,1.0,2.0,0.392156863,0.1875,0.0,0.0,28.27272727,6.0,1.4848,0
6.0,1.0,0.0,4.0,12.0,3.0,3.0,0.0,6.0,0.2,40.0,1.0,0.0,0.0,0.583333333,0.0,0.0,5.5,1.0,0.8333,0
8.0,1.0,0.0,2.0,31.0,12.0,1.0,0.0,8.0,0.457142857,259.0,1.0,0.0,0.0,0.325,0.0,0.0,30.75,5.0,1.5,0
37.0,3.0,0.0,8.0,97.0,508.0,2.0,0.0,21.0,0.895424837,981.0,1.0,3.0,0.619565217,0.242063492,2.0,3.0,25.05405405,11.0,2.7568,0
8.0,1.0,1.0,11.0,21.0,10.0,5.0,0.0,4.0,0.734693878,108.0,0.714285714,2.0,0.0,0.428571429,0.0,0.0,11.625,2.0,0.75,1
4.0,1.0,0.0,0.0,5.0,0.0,0.0,0.0,4.0,0.666666667,28.0,1.0,1.0,0.0,0.5,0.0,0.0,5.25,1.0,0.75,0
2.0,2.0,0.0,5.0,8.0,0.0,1.0,0.0,2.0,0.0,32.0,0.0,0.0,0.916666667,0.625,0.0,0.0,14.5,1.0,0.5,0
2.0,1.0,1.0,0.0,3.0,1.0,0.0,0.0,2.0,2.0,5.0,0.0,0.0,0.0,1.0,0.0,0.0,1.5,1.0,0.5,0
0.0,1.0,0.0,3.0,0.0,0.0,3.0,0.0,0.0,2.0,0.0,0.0,0.0,0.0,0.0,0.0,0.0,0.0,0.0,0.0,0
9.0,1.0,0.0,19.0,46.0,8.0,3.0,0.0,5.0,0.4375,350.0,1.0,3.0,0.0,0.3125,0.0,0.0,37.44444444,1.0,0.7778,0
2.0,5.0,0.0,2.0,5.0,1.0,0.0,0.0,2.0,2.0,11.0,0.0,0.0,0.985507246,1.0,1.0,1.0,4.5,1.0,0.5,0
1.0,1.0,0.0,0.0,2.0,0.0,0.0,0.0,1.0,2.0,9.0,0.0,0.0,0.0,1.0,0.0,0.0,3.0,0.0,0.0,1
7.0,1.0,0.0,9.0,36.0,0.0,1.0,0.0,5.0,0.416666667,181.0,0.5,0.0,0.0,0.444444444,0.0,0.0,24.57142857,1.0,0.7143,0
6.0,1.0,0.0,2.0,7.0,7.0,2.0,0.0,6.0,0.7,29.0,0.0,0.0,0.0,0.75,0.0,0.0,3.5,1.0,0.8333,0
11.0,1.0,0.0,2.0,23.0,15.0,1.0,0.0,11.0,0.7,167.0,0.0,1.0,0.0,0.318181818,0.0,0.0,13.72727273,2.0,1.0,0
10.0,1.0,0.0,4.0,11.0,45.0,3.0,0.0,10.0,1.111111111,24.0,0.0,0.0,0.0,0.34,0.0,0.0,0.3,1.0,0.9,0
42.0,2.0,0.0,26.0,98.0,683.0,10.0,0.0,41.0,0.948350072,962.0,1.0,0.0,0.633027523,0.25203252,2.0,7.0,21.5,10.0,1.5476,0
3.0,2.0,0.0,2.0,4.0,0.0,2.0,0.0,3.0,0.0,31.0,1.0,0.0,0.894736842,0.444444444,0.0,0.0,9.0,2.0,1.0,0
10.0,1.0,0.0,79.0,37.0,39.0,76.0,0.0,7.0,0.592592593,296.0,1.0,0.0,0.0,0.611111111,0.0,0.0,28.3,5.0,1.5,0
7.0,3.0,0.0,35.0,12.0,11.0,35.0,0.0,7.0,0.166666667,77.0,1.0,0.0,0.85,0.523809524,1.0,2.0,9.714285714,4.0,0.8571,0
4.0,1.0,0.0,2.0,9.0,0.0,1.0,0.0,2.0,0.25,91.0,0.0,1.0,0.0,0.625,0.0,0.0,20.75,5.0,2.0,0
4.0,3.0,0.0,2.0,6.0,6.0,1.0,0.0,4.0,1.0,21.0,1.0,1.0,0.833333333,0.4,1.0,2.0,4.0,1.0,0.75,0
5.0,1.0,1.0,0.0,6.0,10.0,0.0,0.0,5.0,2.0,8.0,0.0,0.0,0.0,0.533333333,0.0,0.0,0.6,1.0,0.8,0
30.0,1.0,0.0,14.0,71.0,135.0,2.0,0.0,22.0,0.780788177,836.0,1.0,6.0,0.0,0.162068966,0.0,0.0,26.4,6.0,1.6333,0
3.0,2.0,0.0,3.0,9.0,1.0,1.0,0.0,2.0,0.5,59.0,1.0,1.0,0.75,0.555555556,0.0,0.0,18.33333333,2.0,1.0,0
5.0,1.0,0.0,18.0,5.0,10.0,18.0,0.0,5.0,2.0,5.0,0.0,0.0,0.0,0.7,0.0,0.0,0.0,1.0,1.0,0
7.0,2.0,0.0,4.0,25.0,9.0,1.0,0.0,7.0,0.5,331.0,1.0,0.0,0.785714286,0.342857143,2.0,2.0,46.0,5.0,1.0,0
4.0,5.0,0.0,2.0,11.0,0.0,0.0,0.0,4.0,0.0,56.0,1.0,0.0,0.957746479,0.625,2.0,2.0,12.75,1.0,0.75,0
10.0,4.0,0.0,2.0,20.0,0.0,1.0,0.0,9.0,0.388888889,92.0,1.0,1.0,0.848484848,0.296296296,2.0,2.0,8.0,2.0,0.8,0
2.0,2.0,0.0,7.0,8.0,0.0,3.0,0.0,2.0,0.0,44.0,1.0,0.0,0.916666667,0.833333333,0.0,0.0,20.0,1.0,0.5,0
17.0,1.0,0.0,6.0,32.0,72.0,3.0,0.0,16.0,0.7125,378.0,1.0,0.0,0.0,0.8125,0.0,0.0,20.94117647,7.0,2.2353,0
3.0,2.0,0.0,2.0,11.0,0.0,1.0,0.0,3.0,0.0,52.0,1.0,0.0,0.846153846,0.5,0.0,0.0,16.0,1.0,0.6667,0
2.0,1.0,0.0,5.0,4.0,1.0,4.0,0.0,1.0,1.76744186,79.0,0.0,0.0,0.0,1.0,0.0,0.0,17.0,0.0,0.0,1
2.0,3.0,5.0,7.0,3.0,1.0,5.0,0.0,2.0,2.0,8.0,0.0,0.0,0.975,0.666666667,0.0,0.0,3.0,1.0,0.5,0
118.0,1.0,0.0,10.0,210.0,3267.0,1.0,0.0,104.0,0.928547009,1160.0,0.92,4.0,0.0,0.130536131,0.0,0.0,8.618644068,3.0,1.0424,1
1.0,1.0,0.0,0.0,2.0,0.0,0.0,0.0,1.0,2.0,23.0,0.0,0.0,0.0,1.0,0.0,0.0,3.0,0.0,0.0,1
2.0,2.0,0.0,2.0,4.0,1.0,0.0,0.0,1.0,1.0,9.0,1.0,0.0,1.0,1.0,0.0,0.0,3.0,0.0,0.0,0
8.0,2.0,0.0,0.0,35.0,28.0,0.0,0.0,7.0,2.0,343.0,0.0,0.0,0.5,0.525,0.0,0.0,41.875,6.0,1.75,0
16.0,2.0,1.0,6.0,42.0,34.0,5.0,0.0,13.0,0.644444444,287.0,1.0,0.0,0.48,0.186666667,0.0,0.0,16.75,7.0,1.8125,0
8.0,1.0,0.0,4.0,35.0,12.0,2.0,0.0,6.0,0.666666667,204.0,1.0,2.0,0.0,0.285714286,0.0,0.0,23.75,3.0,1.625,0
34.0,1.0,0.0,19.0,34.0,561.0,19.0,0.0,34.0,2.0,34.0,0.0,0.0,0.0,0.210084034,0.0,0.0,0.0,1.0,1.0,0
4.0,1.0,0.0,4.0,4.0,6.0,2.0,0.0,4.0,2.0,4.0,0.0,0.0,0.0,0.6,0.0,0.0,0.0,1.0,1.0,0
5.0,3.0,0.0,2.0,11.0,8.0,1.0,0.0,5.0,0.75,37.0,1.0,1.0,0.833333333,0.36,1.0,1.0,6.2,1.0,0.8,0
2.0,1.0,0.0,0.0,2.0,1.0,0.0,0.0,2.0,2.0,2.0,0.0,0.0,0.0,1.0,0.0,0.0,0.0,1.0,1.0,0
41.0,1.0,0.0,17.0,92.0,658.0,6.0,0.0,20.0,0.84375,2453.0,1.0,2.0,0.0,0.194642857,0.0,0.0,58.73170732,10.0,3.7073,0
4.0,5.0,1.0,0.0,8.0,6.0,0.0,0.0,4.0,2.0,20.0,0.0,0.0,1.0,0.666666667,0.0,0.0,4.0,0.0,0.0,0
4.0,2.0,0.0,8.0,13.0,4.0,1.0,0.0,2.0,1.0,36.0,1.0,1.0,0.909090909,0.555555556,0.0,0.0,7.5,1.0,0.5,0
9.0,1.0,0.0,1.0,10.0,36.0,0.0,0.0,9.0,2.0,12.0,0.0,0.0,0.0,0.444444444,0.0,0.0,0.333333333,1.0,0.8889,0
5.0,1.0,0.0,0.0,6.0,4.0,0.0,0.0,5.0,0.5,22.0,1.0,0.0,0.0,0.4,0.0,0.0,3.2,1.0,0.8,0
17.0,2.0,0.0,14.0,69.0,78.0,0.0,0.0,16.0,0.791666667,348.0,0.5,2.0,0.615384615,0.203125,1.0,3.0,19.11764706,3.0,1.4118,0
4.0,5.0,0.0,2.0,13.0,0.0,0.0,0.0,4.0,0.0,58.0,1.0,0.0,0.957746479,0.625,1.0,1.0,13.25,1.0,0.75,0
60.0,1.0,0.0,19.0,143.0,1080.0,8.0,0.0,52.0,0.825084746,1833.0,1.0,4.0,0.0,0.13700565,0.0,0.0,29.13333333,19.0,2.1833,1
13.0,1.0,0.0,12.0,25.0,40.0,12.0,0.0,13.0,0.923611111,265.0,0.083333333,1.0,0.0,0.369230769,0.0,0.0,18.46153846,5.0,1.4615,0
42.0,1.0,0.0,19.0,96.0,569.0,14.0,0.0,31.0,0.889135255,897.0,0.772727273,3.0,0.0,0.134146341,0.0,0.0,19.83333333,9.0,1.9286,0
1.0,3.0,0.0,4.0,2.0,0.0,4.0,0.0,1.0,2.0,4.0,0.0,0.0,1.0,1.0,0.0,0.0,3.0,0.0,0.0,0
2.0,4.0,0.0,3.0,3.0,1.0,1.0,0.0,2.0,2.0,8.0,0.0,0.0,0.975609756,0.666666667,0.0,0.0,3.0,1.0,0.5,0
7.0,1.0,0.0,1.0,13.0,0.0,1.0,0.0,5.0,0.5,221.0,1.0,2.0,0.0,0.428571429,0.0,0.0,29.85714286,7.0,3.2857,0
4.0,4.0,0.0,0.0,8.0,6.0,0.0,0.0,4.0,2.0,20.0,0.0,0.0,1.0,0.666666667,0.0,0.0,4.0,0.0,0.0,0
44.0,1.0,0.0,26.0,166.0,428.0,9.0,0.0,2.0,0.880620155,2361.0,1.0,7.0,0.0,0.141649049,0.0,0.0,52.31818182,11.0,2.0909,1
6.0,1.0,0.0,2.0,22.0,0.0,0.0,0.0,5.0,0.666666667,161.0,1.0,1.0,0.0,0.444444444,0.0,0.0,25.33333333,8.0,2.0,0
5.0,4.0,0.0,4.0,37.0,6.0,1.0,0.0,1.0,0.5,203.0,1.0,0.0,0.911764706,0.666666667,2.0,2.0,39.4,1.0,0.6,0
24.0,1.0,0.0,0.0,24.0,276.0,0.0,0.0,24.0,2.0,24.0,0.0,0.0,0.0,0.358333333,0.0,0.0,0.0,1.0,1.0,0
2.0,2.0,0.0,4.0,10.0,1.0,1.0,0.0,2.0,2.0,45.0,0.0,0.0,0.916666667,0.666666667,1.0,1.0,21.5,1.0,0.5,0
6.0,3.0,0.0,4.0,45.0,0.0,0.0,0.0,4.0,0.2,379.0,1.0,0.0,0.827586207,0.625,2.0,5.0,61.16666667,1.0,0.8333,0
5.0,3.0,2.0,0.0,8.0,4.0,0.0,0.0,5.0,0.5,31.0,1.0,0.0,0.944444444,0.6,0.0,0.0,5.0,1.0,0.2,0
9.0,1.0,0.0,0.0,17.0,30.0,0.0,0.0,7.0,0.875,98.0,1.0,3.0,0.0,0.288888889,0.0,0.0,9.555555556,12.0,2.1111,0
3.0,2.0,0.0,5.0,12.0,1.0,1.0,0.0,3.0,0.0,259.0,1.0,0.0,0.666666667,0.555555556,1.0,1.0,85.0,1.0,0.3333,0
2.0,3.0,0.0,4.0,4.0,1.0,1.0,0.0,2.0,2.0,13.0,0.0,0.0,0.975,0.666666667,0.0,0.0,5.5,1.0,0.5,0
8.0,2.0,0.0,4.0,23.0,16.0,1.0,0.0,8.0,0.428571429,166.0,1.0,0.0,0.733333333,0.46875,1.0,1.0,19.375,1.0,0.5,0
38.0,2.0,0.0,14.0,144.0,521.0,0.0,0.0,26.0,0.895135135,2014.0,1.0,3.0,0.357142857,0.155405405,0.0,0.0,51.34210526,31.0,3.5526,0
14.0,5.0,0.0,2.0,34.0,29.0,0.0,0.0,14.0,0.769230769,263.0,1.0,0.0,0.839506173,0.476190476,1.0,1.0,17.35714286,1.0,0.9286,0
42.0,3.0,0.0,4.0,67.0,697.0,2.0,0.0,33.0,0.282229965,655.0,0.857142857,1.0,0.512820513,0.166297118,2.0,4.0,14.42857143,4.0,1.0238,0
4.0,2.0,0.0,19.0,76.0,0.0,1.0,0.0,1.0,0.5,640.0,1.0,1.0,0.875,0.666666667,1.0,1.0,158.5,5.0,1.5,1
5.0,1.0,0.0,23.0,9.0,0.0,19.0,0.0,5.0,0.375,183.0,1.0,2.0,0.0,0.4,0.0,0.0,35.2,6.0,2.2,0
8.0,1.0,0.0,3.0,15.0,4.0,3.0,0.0,7.0,0.5,84.0,1.0,0.0,0.0,0.5,0.0,0.0,9.25,4.0,1.75,0
8.0,2.0,0.0,16.0,65.0,16.0,1.0,0.0,2.0,0.857142857,408.0,1.0,1.0,0.769230769,0.428571429,0.0,0.0,49.625,10.0,3.25,0
5.0,3.0,0.0,12.0,26.0,10.0,0.0,0.0,5.0,1.25,142.0,1.0,0.0,0.923076923,0.4,1.0,3.0,27.2,1.0,0.8,1
20.0,1.0,0.0,15.0,89.0,60.0,6.0,0.0,17.0,0.796052632,826.0,1.0,5.0,0.0,0.133333333,0.0,0.0,39.5,10.0,1.6,1
1.0,1.0,0.0,20.0,1.0,0.0,19.0,0.0,1.0,2.0,1.0,0.0,0.0,0.0,1.0,0.0,0.0,0.0,1.0,1.0,0
5.0,2.0,0.0,14.0,45.0,8.0,0.0,0.0,3.0,1.0,263.0,1.0,1.0,0.869565217,0.4,0.0,0.0,51.2,3.0,1.0,1
71.0,1.0,4.0,34.0,174.0,1809.0,14.0,0.0,62.0,0.917857143,1902.0,1.0,8.0,0.0,0.069387755,0.0,0.0,25.3943662,9.0,2.2254,0
6.0,1.0,0.0,2.0,18.0,9.0,1.0,0.0,4.0,0.7,1355.0,0.5,1.0,0.0,0.25,0.0,0.0,224.5,15.0,4.1667,0
4.0,3.0,0.0,16.0,46.0,4.0,0.0,0.0,3.0,0.888888889,283.0,0.666666667,0.0,0.96,0.5,1.0,3.0,69.0,1.0,0.5,0
5.0,1.0,0.0,0.0,7.0,8.0,0.0,0.0,4.0,0.75,23.0,0.0,1.0,0.0,0.75,0.0,0.0,3.4,1.0,0.6,0
9.0,1.0,0.0,9.0,20.0,12.0,5.0,0.0,4.0,0.696428571,169.0,1.0,1.0,0.0,0.444444444,0.0,0.0,17.0,5.0,1.3333,0
11.0,5.0,0.0,3.0,32.0,17.0,0.0,0.0,10.0,0.75,249.0,1.0,0.0,0.908256881,0.327272727,1.0,1.0,21.27272727,1.0,0.9091,0
6.0,2.0,0.0,9.0,13.0,0.0,8.0,0.0,6.0,0.4,100.0,1.0,0.0,0.705882353,0.666666667,0.0,0.0,15.33333333,5.0,1.5,0
4.0,1.0,0.0,8.0,6.0,0.0,7.0,0.0,3.0,0.333333333,24.0,1.0,1.0,0.0,0.333333333,0.0,0.0,4.75,2.0,1.0,0
34.0,1.0,0.0,66.0,34.0,561.0,62.0,0.0,34.0,1.03030303,40.0,0.0,0.0,0.0,0.109243697,0.0,0.0,0.0,1.0,1.0,0
5.0,3.0,0.0,5.0,10.0,0.0,2.0,0.0,5.0,2.0,38.0,0.0,0.0,0.906976744,0.55,0.0,0.0,6.6,1.0,0.8,0
2.0,4.0,0.0,5.0,5.0,1.0,1.0,0.0,2.0,2.0,24.0,0.0,0.0,0.975609756,0.666666667,0.0,0.0,11.0,1.0,0.5,0
2.0,1.0,4.0,8.0,3.0,1.0,6.0,0.0,1.0,2.0,5.0,0.0,0.0,0.0,0.75,0.0,0.0,1.5,1.0,0.5,0
7.0,1.0,2.0,12.0,9.0,0.0,12.0,0.0,7.0,0.25,65.0,1.0,0.0,0.0,0.523809524,0.0,0.0,8.0,1.0,0.5714,0
9.0,1.0,0.0,6.0,23.0,10.0,2.0,0.0,8.0,0.791666667,132.0,1.0,4.0,0.0,0.325,0.0,0.0,13.0,2.0,1.0,0
6.0,2.0,0.0,3.0,27.0,13.0,1.0,0.0,6.0,0.4,139.0,1.0,0.0,0.846153846,0.4,1.0,1.0,21.83333333,1.0,0.3333,0
2.0,5.0,0.0,2.0,5.0,1.0,0.0,0.0,2.0,2.0,11.0,0.0,0.0,0.985507246,1.0,1.0,1.0,4.5,1.0,0.5,0
15.0,2.0,0.0,10.0,61.0,63.0,0.0,0.0,13.0,0.785714286,488.0,1.0,1.0,0.759259259,0.714285714,0.0,0.0,31.33333333,3.0,1.4667,0
1.0,1.0,0.0,3.0,1.0,0.0,3.0,0.0,0.0,2.0,171.0,0.0,0.0,0.0,0.0,0.0,0.0,136.0,0.0,0.0,0
10.0,1.0,0.0,5.0,15.0,27.0,5.0,0.0,9.0,0.777777778,101.0,0.0,1.0,0.0,0.240740741,0.0,0.0,8.8,1.0,0.8,0
1.0,3.0,0.0,1.0,2.0,0.0,0.0,0.0,1.0,2.0,4.0,0.0,0.0,1.0,1.0,0.0,0.0,3.0,0.0,0.0,0
11.0,3.0,0.0,4.0,27.0,11.0,1.0,0.0,10.0,0.583333333,169.0,1.0,3.0,0.4,0.174242424,1.0,1.0,13.81818182,3.0,1.0,0
2.0,2.0,0.0,3.0,4.0,1.0,0.0,0.0,1.0,2.0,9.0,0.0,0.0,0.666666667,1.0,0.0,0.0,3.5,1.0,0.5,0
2.0,1.0,0.0,5.0,16.0,0.0,1.0,0.0,1.0,0.0,78.0,1.0,0.0,0.0,0.75,0.0,0.0,37.5,1.0,0.5,0
5.0,1.0,0.0,3.0,27.0,10.0,1.0,0.0,4.0,1.25,237.0,1.0,0.0,0.0,0.375,0.0,0.0,46.0,6.0,3.0,0
28.0,2.0,2.0,0.0,29.0,374.0,0.0,0.0,27.0,1.007407407,48.0,0.4,0.0,0.325,0.171428571,0.0,0.0,0.535714286,1.0,0.9643,0
3.0,2.0,0.0,2.0,6.0,3.0,2.0,0.0,3.0,1.5,31.0,0.0,0.0,0.9375,0.666666667,0.0,0.0,9.0,3.0,1.0,0
60.0,2.0,0.0,16.0,163.0,1204.0,2.0,0.0,55.0,0.90440678,1551.0,0.52,2.0,0.292682927,0.111864407,1.0,1.0,24.43333333,13.0,1.4667,0
3.0,3.0,0.0,0.0,4.0,0.0,0.0,0.0,3.0,0.5,22.0,1.0,0.0,0.666666667,0.466666667,0.0,0.0,5.666666667,1.0,0.6667,0
69.0,1.0,0.0,12.0,158.0,0.0,5.0,0.0,62.0,0.893137255,1383.0,0.866666667,3.0,0.0,0.18729097,0.0,0.0,18.82608696,18.0,1.5942,0
10.0,1.0,0.0,26.0,128.0,23.0,1.0,0.0,3.0,0.888888889,1066.0,0.833333333,2.0,0.0,0.296296296,0.0,0.0,105.0,22.0,4.1,1
10.0,2.0,0.0,4.0,27.0,3.0,1.0,0.0,10.0,0.4,245.0,1.0,1.0,0.733333333,0.4,1.0,2.0,23.0,3.0,0.6,0
4.0,1.0,0.0,6.0,4.0,6.0,5.0,0.0,4.0,2.0,4.0,0.0,0.0,0.0,0.45,0.0,0.0,0.0,1.0,1.0,0
16.0,1.0,0.0,5.0,36.0,62.0,5.0,0.0,15.0,0.693333333,349.0,1.0,1.0,0.0,0.375,0.0,0.0,20.5,8.0,2.0,0
20.0,1.0,0.0,17.0,59.0,22.0,2.0,0.0,17.0,0.664473684,585.0,1.0,5.0,0.0,0.368421053,0.0,0.0,27.85,11.0,2.5,1
8.0,2.0,0.0,0.0,20.0,0.0,0.0,0.0,8.0,0.0,223.0,1.0,1.0,0.5,0.65625,0.0,0.0,26.625,5.0,1.625,0
2.0,4.0,0.0,5.0,5.0,1.0,1.0,0.0,2.0,2.0,24.0,0.0,0.0,0.975609756,0.666666667,0.0,0.0,11.0,1.0,0.5,0
2.0,1.0,0.0,2.0,4.0,1.0,2.0,0.0,1.0,1.875,20.0,0.0,0.0,0.0,1.0,0.0,0.0,5.0,0.0,0.0,0
1.0,5.0,0.0,2.0,7.0,0.0,2.0,0.0,1.0,2.0,17.0,0.0,0.0,1.0,1.0,0.0,0.0,16.0,0.0,0.0,0
2.0,1.0,0.0,0.0,2.0,1.0,0.0,0.0,2.0,2.0,2.0,0.0,0.0,0.0,1.0,0.0,0.0,0.0,1.0,1.0,0
3.0,3.0,0.0,4.0,9.0,3.0,1.0,0.0,3.0,2.0,63.0,0.0,0.0,0.951219512,0.666666667,0.0,0.0,20.0,1.0,0.6667,0
23.0,2.0,0.0,18.0,83.0,137.0,3.0,0.0,14.0,0.835227273,845.0,1.0,2.0,0.487804878,0.2,1.0,1.0,35.39130435,8.0,2.3043,1
3.0,1.0,0.0,3.0,13.0,3.0,1.0,0.0,2.0,1.5,106.0,1.0,0.0,0.0,0.533333333,0.0,0.0,33.66666667,6.0,3.3333,1
5.0,1.0,0.0,7.0,17.0,0.0,0.0,0.0,2.0,0.416666667,79.0,1.0,2.0,0.0,0.625,0.0,0.0,14.2,3.0,1.4,0
4.0,1.0,0.0,5.0,52.0,0.0,0.0,0.0,4.0,0.333333333,307.0,1.0,1.0,0.0,0.4,0.0,0.0,74.25,1.0,0.75,0
12.0,1.0,1.0,5.0,19.0,0.0,4.0,0.0,12.0,0.636363636,268.0,0.5,1.0,0.0,0.638888889,0.0,0.0,21.0,4.0,2.0833,0
18.0,1.0,0.0,3.0,21.0,73.0,2.0,0.0,18.0,0.836601307,152.0,0.666666667,1.0,0.0,0.277777778,0.0,0.0,6.944444444,2.0,1.0556,0
4.0,1.0,0.0,1.0,4.0,6.0,1.0,0.0,4.0,2.0,4.0,0.0,0.0,0.0,0.5,0.0,0.0,0.0,1.0,1.0,0
18.0,1.0,2.0,0.0,35.0,0.0,0.0,0.0,18.0,0.0,111.0,1.0,1.0,0.0,0.277777778,0.0,0.0,5.111111111,2.0,1.0,0
8.0,1.0,0.0,12.0,8.0,28.0,10.0,0.0,8.0,2.0,8.0,0.0,0.0,0.0,0.5,0.0,0.0,0.0,1.0,1.0,0
62.0,1.0,0.0,40.0,133.0,329.0,14.0,0.0,6.0,0.613114754,3133.0,0.8,0.0,0.0,0.05702067,0.0,0.0,49.4516129,4.0,1.0645,0
12.0,1.0,0.0,2.0,21.0,0.0,2.0,0.0,12.0,0.836363636,304.0,0.4,0.0,0.0,0.458333333,0.0,0.0,23.91666667,7.0,1.3333,0
4.0,1.0,0.0,6.0,11.0,6.0,1.0,0.0,2.0,2.0,166.0,0.0,0.0,0.0,0.55,0.0,0.0,40.5,2.0,1.0,0
2.0,1.0,0.0,0.0,2.0,1.0,0.0,0.0,2.0,2.0,2.0,0.0,0.0,0.0,0.75,0.0,0.0,0.0,1.0,1.0,0
39.0,3.0,0.0,1.0,78.0,0.0,0.0,0.0,35.0,0.763157895,560.0,1.0,1.0,0.449275362,0.131868132,1.0,1.0,13.17948718,8.0,1.8462,1
14.0,3.0,0.0,4.0,29.0,11.0,1.0,0.0,14.0,0.692307692,149.0,1.0,0.0,0.428571429,0.255102041,1.0,1.0,9.428571429,6.0,1.6429,0
8.0,2.0,0.0,4.0,23.0,16.0,1.0,0.0,8.0,0.428571429,165.0,1.0,0.0,0.733333333,0.46875,1.0,1.0,19.25,1.0,0.5,0
22.0,1.0,15.0,33.0,50.0,189.0,19.0,0.0,21.0,0.933333333,376.0,1.0,3.0,0.0,0.174603175,0.0,0.0,15.63636364,2.0,1.0,0
4.0,1.0,0.0,3.0,30.0,0.0,0.0,0.0,2.0,0.611111111,368.0,1.0,0.0,0.0,0.333333333,0.0,0.0,89.5,15.0,4.0,0
10.0,1.0,3.0,0.0,15.0,35.0,0.0,0.0,10.0,0.851851852,66.0,1.0,0.0,0.0,0.3,0.0,0.0,5.3,2.0,1.0,0
46.0,1.0,0.0,41.0,210.0,777.0,1.0,0.0,33.0,0.912345679,2793.0,1.0,8.0,0.0,0.115277778,0.0,0.0,58.93478261,44.0,4.6304,1
13.0,1.0,28.0,40.0,14.0,56.0,40.0,0.0,13.0,0.75,65.0,1.0,1.0,0.0,0.423076923,0.0,0.0,3.846153846,1.0,0.8462,0
252.0,2.0,0.0,63.0,511.0,29258.0,17.0,0.0,231.0,0.980867738,7956.0,1.0,12.0,0.21630094,0.054354013,2.0,19.0,30.21031746,17.0,2.0238,1
2.0,2.0,0.0,2.0,4.0,0.0,1.0,0.0,2.0,0.0,21.0,1.0,0.0,0.916666667,0.666666667,0.0,0.0,9.0,1.0,0.5,0
13.0,1.0,1.0,0.0,23.0,72.0,0.0,0.0,13.0,0.416666667,78.0,1.0,1.0,0.0,0.256410256,0.0,0.0,4.923076923,1.0,0.9231,0
19.0,1.0,0.0,2.0,28.0,111.0,1.0,0.0,19.0,0.875,173.0,1.0,1.0,0.0,0.263157895,0.0,0.0,7.684210526,2.0,1.0526,1
1.0,1.0,0.0,0.0,1.0,0.0,0.0,0.0,1.0,2.0,1.0,0.0,0.0,0.0,1.0,0.0,0.0,0.0,1.0,1.0,0
9.0,1.0,0.0,3.0,21.0,22.0,2.0,0.0,7.0,0.913461538,205.0,0.692307692,1.0,0.0,0.1875,0.0,0.0,20.33333333,3.0,1.1111,0
6.0,5.0,0.0,2.0,14.0,0.0,0.0,0.0,6.0,0.4,77.0,1.0,0.0,0.931506849,0.666666667,2.0,2.0,11.5,1.0,0.8333,0
31.0,1.0,0.0,3.0,59.0,283.0,0.0,0.0,31.0,0.904545455,518.0,0.045454545,14.0,0.0,0.264516129,0.0,0.0,15.0,3.0,1.0645,0
3.0,1.0,0.0,5.0,18.0,3.0,1.0,0.0,2.0,2.0,104.0,0.0,0.0,0.0,0.5,0.0,0.0,33.66666667,4.0,1.6667,0
12.0,3.0,0.0,19.0,114.0,42.0,0.0,0.0,5.0,0.848484848,811.0,1.0,0.0,0.827586207,0.409090909,1.0,3.0,66.33333333,5.0,1.3333,1
30.0,2.0,0.0,48.0,180.0,263.0,1.0,0.0,17.0,0.845648604,2215.0,1.0,8.0,0.377777778,0.150862069,1.0,2.0,72.13333333,4.0,1.1667,0
9.0,1.0,0.0,8.0,37.0,34.0,6.0,0.0,5.0,0.75,336.0,1.0,0.0,0.0,0.225,0.0,0.0,36.0,4.0,1.5556,0
30.0,5.0,0.0,2.0,46.0,283.0,0.0,0.0,28.0,0.857142857,490.0,1.0,0.0,0.701030928,0.286666667,1.0,1.0,14.86666667,20.0,1.9,0
74.0,1.0,0.0,31.0,142.0,2349.0,16.0,0.0,71.0,0.923679061,1303.0,0.971428571,8.0,0.0,0.133250311,0.0,0.0,16.13513514,8.0,1.2297,0
10.0,2.0,0.0,3.0,25.0,0.0,1.0,0.0,10.0,0.864197531,466.0,0.444444444,0.0,0.555555556,0.316666667,1.0,2.0,44.7,1.0,0.8,0
14.0,1.0,0.0,18.0,14.0,91.0,18.0,0.0,14.0,2.0,14.0,0.0,0.0,0.0,0.571428571,0.0,0.0,0.0,1.0,1.0,0
7.0,5.0,0.0,2.0,37.0,15.0,0.0,0.0,5.0,0.833333333,259.0,1.0,0.0,0.942857143,0.4,1.0,1.0,35.71428571,12.0,2.8571,0
11.0,1.0,0.0,2.0,74.0,27.0,0.0,0.0,7.0,0.7,772.0,1.0,1.0,0.0,0.257142857,0.0,0.0,68.27272727,6.0,1.5455,0
8.0,1.0,0.0,6.0,13.0,26.0,2.0,0.0,7.0,1.0,34.0,1.0,1.0,0.0,0.392857143,0.0,0.0,3.0,1.0,0.75,0
8.0,1.0,0.0,7.0,60.0,12.0,1.0,0.0,3.0,0.571428571,522.0,1.0,1.0,0.0,0.183673469,0.0,0.0,63.75,11.0,2.875,0
35.0,1.0,0.0,30.0,118.0,0.0,0.0,0.0,6.0,0.544117647,1756.0,1.0,0.0,0.0,0.120915033,0.0,0.0,49.11428571,11.0,1.6571,0
1.0,1.0,0.0,1.0,1.0,0.0,1.0,0.0,1.0,2.0,1.0,0.0,0.0,0.0,1.0,0.0,0.0,0.0,1.0,1.0,0
32.0,4.0,0.0,1.0,63.0,478.0,1.0,0.0,29.0,0.387096774,223.0,1.0,0.0,0.62962963,0.139784946,2.0,9.0,5.875,2.0,1.0,0
31.0,2.0,0.0,3.0,63.0,313.0,0.0,0.0,27.0,0.871428571,912.0,0.785714286,0.0,0.452830189,0.286666667,0.0,0.0,27.96774194,3.0,1.129,0
17.0,2.0,2.0,0.0,21.0,136.0,0.0,0.0,17.0,1.0625,60.0,0.0,0.0,0.483870968,0.189542484,0.0,0.0,1.764705882,1.0,0.9412,0
5.0,1.0,0.0,30.0,5.0,10.0,28.0,0.0,5.0,2.0,5.0,0.0,0.0,0.0,0.4,0.0,0.0,0.0,1.0,1.0,0
2.0,1.0,0.0,0.0,2.0,1.0,0.0,0.0,2.0,2.0,4.0,0.0,0.0,0.0,0.75,0.0,0.0,0.0,1.0,1.0,0
8.0,2.0,0.0,12.0,35.0,20.0,1.0,0.0,3.0,0.928571429,245.0,1.0,2.0,0.769230769,0.380952381,0.0,0.0,29.125,1.0,0.75,1
4.0,5.0,0.0,2.0,10.0,0.0,0.0,0.0,4.0,0.0,39.0,1.0,0.0,0.957746479,0.625,1.0,1.0,8.5,1.0,0.75,0
1.0,6.0,0.0,2.0,7.0,0.0,2.0,0.0,1.0,2.0,17.0,0.0,0.0,1.0,1.0,0.0,0.0,16.0,0.0,0.0,0
7.0,1.0,0.0,13.0,55.0,3.0,5.0,0.0,3.0,0.537037037,724.0,1.0,2.0,0.0,0.371428571,0.0,0.0,101.1428571,11.0,2.5714,0
10.0,1.0,0.0,3.0,15.0,3.0,3.0,0.0,10.0,0.666666667,108.0,1.0,0.0,0.0,0.466666667,0.0,0.0,9.4,2.0,1.0,0
4.0,1.0,0.0,2.0,9.0,0.0,0.0,0.0,2.0,0.25,91.0,0.0,1.0,0.0,0.5,0.0,0.0,20.75,5.0,2.0,0
4.0,2.0,0.0,3.0,20.0,6.0,3.0,0.0,4.0,1.333333333,146.0,0.0,0.0,0.882352941,0.75,0.0,0.0,34.5,3.0,1.25,0
2.0,1.0,0.0,3.0,2.0,1.0,2.0,0.0,2.0,2.0,2.0,0.0,0.0,0.0,0.75,0.0,0.0,0.0,1.0,1.0,0
14.0,1.0,0.0,3.0,15.0,91.0,1.0,0.0,14.0,1.076923077,135.0,0.0,0.0,0.0,0.153061224,0.0,0.0,0.214285714,1.0,0.9286,0
2.0,4.0,0.0,5.0,5.0,1.0,1.0,0.0,2.0,2.0,24.0,0.0,0.0,0.975609756,0.666666667,0.0,0.0,11.0,1.0,0.5,0
4.0,1.0,0.0,5.0,15.0,0.0,1.0,0.0,4.0,0.5,102.0,1.0,2.0,0.0,0.4375,0.0,0.0,24.0,6.0,2.0,0
38.0,1.0,0.0,26.0,113.0,637.0,21.0,0.0,36.0,0.848648649,2141.0,0.2,0.0,0.0,0.135135135,0.0,0.0,55.21052632,19.0,3.8158,0
39.0,3.0,1.0,10.0,194.0,575.0,2.0,0.0,3.0,0.883223684,3271.0,1.0,3.0,0.393442623,0.191950464,2.0,5.0,82.46153846,16.0,2.6154,1
5.0,1.0,0.0,5.0,21.0,10.0,1.0,0.0,4.0,2.0,129.0,0.0,0.0,0.0,0.52,0.0,0.0,24.8,1.0,0.8,0
8.0,5.0,0.0,2.0,16.0,0.0,0.0,0.0,8.0,0.571428571,103.0,1.0,0.0,0.906666667,0.6875,2.0,2.0,11.5,1.0,0.875,0
36.0,2.0,0.0,12.0,81.0,142.0,4.0,0.0,31.0,0.812030075,675.0,0.736842105,5.0,0.276595745,0.182098765,1.0,2.0,17.22222222,3.0,1.0833,0
1.0,1.0,0.0,0.0,2.0,0.0,0.0,0.0,1.0,2.0,14.0,0.0,0.0,0.0,1.0,0.0,0.0,3.0,0.0,0.0,0
10.0,2.0,0.0,0.0,43.0,33.0,0.0,0.0,8.0,0.666666667,289.0,1.0,0.0,0.466666667,0.48,1.0,1.0,27.8,6.0,2.0,0
15.0,1.0,0.0,51.0,29.0,0.0,50.0,0.0,12.0,0.62987013,401.0,0.545454545,2.0,0.0,0.233333333,0.0,0.0,25.0,7.0,1.4667,0
19.0,1.0,0.0,2.0,34.0,0.0,2.0,0.0,19.0,0.0,115.0,1.0,1.0,0.0,0.263157895,0.0,0.0,5.0,1.0,0.8947,0
3.0,3.0,0.0,3.0,10.0,0.0,3.0,0.0,2.0,0.0,59.0,1.0,0.0,0.974025974,0.466666667,1.0,1.0,18.33333333,1.0,0.6667,0
14.0,3.0,0.0,2.0,28.0,0.0,1.0,0.0,11.0,0.788461538,257.0,1.0,1.0,0.657142857,0.292307692,2.0,5.0,17.07142857,1.0,0.8571,0
2.0,4.0,0.0,4.0,6.0,1.0,1.0,0.0,2.0,2.0,25.0,0.0,0.0,0.975609756,0.666666667,1.0,1.0,11.5,1.0,0.5,0
0.0,1.0,0.0,1.0,0.0,0.0,1.0,0.0,0.0,2.0,0.0,0.0,0.0,0.0,0.0,0.0,0.0,0.0,0.0,0.0,0
6.0,1.0,0.0,1.0,11.0,1.0,1.0,0.0,5.0,1.070588235,308.0,0.235294118,0.0,0.0,0.444444444,0.0,0.0,47.5,28.0,7.0,0
2.0,1.0,0.0,4.0,2.0,1.0,3.0,0.0,2.0,2.0,2.0,0.0,0.0,0.0,0.75,0.0,0.0,0.0,1.0,1.0,0
33.0,2.0,0.0,5.0,44.0,418.0,0.0,0.0,29.0,0.888392857,434.0,1.0,0.0,0.219512195,0.696969697,0.0,0.0,11.72727273,28.0,1.9697,0
119.0,1.0,0.0,8.0,121.0,6959.0,1.0,0.0,118.0,0.978813559,398.0,1.0,2.0,0.0,0.086241276,0.0,0.0,2.277310924,1.0,0.9748,0
2.0,1.0,0.0,0.0,2.0,1.0,0.0,0.0,2.0,2.0,2.0,0.0,0.0,0.0,1.0,0.0,0.0,0.0,1.0,1.0,0
1.0,2.0,0.0,4.0,5.0,0.0,0.0,0.0,1.0,2.0,19.0,1.0,0.0,1.0,1.0,0.0,0.0,15.0,0.0,0.0,0
58.0,1.0,0.0,20.0,133.0,0.0,15.0,0.0,56.0,0.043859649,1008.0,1.0,2.0,0.0,0.256140351,0.0,0.0,16.34482759,4.0,2.1034,0
2.0,2.0,0.0,19.0,44.0,1.0,3.0,0.0,1.0,2.0,410.0,0.0,0.0,0.933333333,0.75,2.0,2.0,204.0,1.0,0.5,0
7.0,1.0,0.0,4.0,20.0,9.0,3.0,0.0,6.0,0.333333333,93.0,1.0,0.0,0.0,0.428571429,0.0,0.0,12.0,1.0,0.8571,0
1.0,1.0,0.0,0.0,1.0,0.0,0.0,0.0,1.0,2.0,1.0,0.0,0.0,0.0,1.0,0.0,0.0,0.0,1.0,1.0,0
11.0,2.0,0.0,9.0,13.0,7.0,9.0,0.0,10.0,0.814285714,105.0,0.857142857,0.0,0.871428571,0.416666667,0.0,0.0,7.909090909,2.0,1.3636,0
4.0,1.0,0.0,3.0,10.0,4.0,0.0,0.0,3.0,1.0,43.0,0.5,0.0,0.0,0.533333333,0.0,0.0,9.25,1.0,0.5,0
6.0,2.0,0.0,6.0,19.0,1.0,0.0,0.0,5.0,0.8,87.0,1.0,0.0,0.911111111,0.7,0.0,0.0,13.33333333,1.0,0.6667,0
18.0,1.0,1.0,4.0,19.0,135.0,1.0,0.0,18.0,0.862745098,57.0,1.0,0.0,0.0,0.375,0.0,0.0,2.0,1.0,0.9444,0
19.0,1.0,0.0,22.0,41.0,63.0,20.0,0.0,17.0,0.5,378.0,0.666666667,1.0,0.0,0.357894737,0.0,0.0,18.73684211,5.0,1.9474,0
4.0,1.0,0.0,2.0,7.0,0.0,1.0,0.0,4.0,0.75,33.0,0.5,4.0,0.0,1.0,0.0,0.0,6.25,1.0,0.75,0
14.0,1.0,0.0,8.0,19.0,33.0,8.0,0.0,13.0,0.782051282,149.0,1.0,1.0,0.0,0.357142857,0.0,0.0,9.214285714,4.0,1.1429,0
3.0,2.0,3.0,0.0,4.0,3.0,0.0,0.0,3.0,2.0,6.0,0.0,0.0,0.666666667,0.666666667,0.0,0.0,1.0,1.0,0.6667,0
14.0,2.0,6.0,0.0,51.0,61.0,0.0,0.0,2.0,1.020979021,574.0,1.0,0.0,0.5,0.373626374,1.0,1.0,39.21428571,4.0,1.2143,1
10.0,2.0,0.0,10.0,31.0,33.0,5.0,0.0,5.0,0.666666667,174.0,1.0,1.0,0.428571429,0.344444444,0.0,0.0,15.9,3.0,1.6,0
4.0,1.0,0.0,2.0,5.0,0.0,0.0,0.0,4.0,0.333333333,18.0,1.0,1.0,0.0,0.5,0.0,0.0,3.25,1.0,0.75,0
3.0,1.0,0.0,1.0,11.0,0.0,1.0,0.0,3.0,0.166666667,67.0,1.0,0.0,0.0,0.666666667,0.0,0.0,20.33333333,3.0,1.6667,0
11.0,1.0,0.0,2.0,30.0,5.0,1.0,0.0,9.0,0.6,581.0,0.0,1.0,0.0,0.272727273,0.0,0.0,51.36363636,6.0,1.5455,0
21.0,1.0,0.0,1.0,22.0,210.0,0.0,0.0,21.0,1.05,47.0,0.0,0.0,0.0,0.306122449,0.0,0.0,0.142857143,1.0,0.9524,0
6.0,1.0,0.0,11.0,7.0,15.0,10.0,0.0,5.0,1.16,79.0,0.0,1.0,0.0,0.6,0.0,0.0,11.33333333,1.0,0.8333,0
2.0,5.0,0.0,2.0,5.0,1.0,0.0,0.0,2.0,2.0,11.0,0.0,0.0,0.985507246,1.0,1.0,1.0,4.5,1.0,0.5,0
1.0,1.0,0.0,0.0,2.0,0.0,0.0,0.0,1.0,2.0,5.0,0.0,0.0,0.0,1.0,0.0,0.0,3.0,0.0,0.0,0
8.0,1.0,0.0,2.0,13.0,8.0,1.0,0.0,8.0,0.571428571,296.0,1.0,1.0,0.0,0.5625,0.0,0.0,35.625,5.0,3.0,0
81.0,1.0,0.0,29.0,110.0,3002.0,21.0,0.0,80.0,0.976704545,879.0,1.0,2.0,0.0,0.169472503,0.0,0.0,9.308641975,3.0,1.1481,0
5.0,2.0,0.0,8.0,60.0,8.0,1.0,0.0,4.0,1.125,555.0,1.0,1.0,0.869565217,0.5,0.0,0.0,109.6,2.0,0.8,0
31.0,4.0,0.0,14.0,176.0,311.0,2.0,0.0,2.0,0.968055556,4485.0,1.0,1.0,0.677777778,0.252777778,4.0,8.0,142.9032258,32.0,3.9032,1
8.0,2.0,0.0,4.0,23.0,16.0,1.0,0.0,8.0,0.428571429,166.0,1.0,0.0,0.733333333,0.46875,1.0,1.0,19.375,1.0,0.5,0
5.0,1.0,0.0,1.0,6.0,10.0,0.0,0.0,5.0,1.25,10.0,0.0,0.0,0.0,0.4,0.0,0.0,0.6,1.0,0.8,0
25.0,1.0,0.0,2.0,56.0,268.0,2.0,0.0,25.0,0.847222222,307.0,1.0,0.0,0.0,0.262857143,0.0,0.0,11.16,8.0,1.32,0
3.0,1.0,0.0,3.0,7.0,1.0,1.0,0.0,2.0,0.5,25.0,1.0,0.0,0.0,0.5,0.0,0.0,7.0,1.0,0.3333,0
26.0,1.0,0.0,16.0,89.0,91.0,7.0,0.0,24.0,0.772,918.0,1.0,1.0,0.0,0.246666667,0.0,0.0,33.92307692,5.0,1.1538,0
14.0,1.0,0.0,1.0,15.0,91.0,1.0,0.0,14.0,2.0,17.0,0.0,0.0,0.0,0.4,0.0,0.0,0.214285714,1.0,0.9286,0
3.0,1.0,0.0,5.0,13.0,0.0,1.0,0.0,3.0,0.0,81.0,0.0,1.0,0.0,0.555555556,0.0,0.0,25.66666667,7.0,2.6667,0
1.0,1.0,0.0,0.0,2.0,0.0,0.0,0.0,1.0,2.0,7.0,0.0,0.0,0.0,1.0,0.0,0.0,3.0,0.0,0.0,0
10.0,1.0,0.0,6.0,20.0,1.0,2.0,0.0,9.0,0.759259259,157.0,1.0,3.0,0.0,0.361111111,0.0,0.0,14.1,1.0,0.8,0
5.0,3.0,2.0,0.0,8.0,4.0,0.0,0.0,5.0,0.5,31.0,1.0,0.0,0.944444444,0.6,0.0,0.0,5.0,1.0,0.2,0
2.0,1.0,0.0,2.0,5.0,1.0,0.0,0.0,2.0,2.0,11.0,0.0,0.0,0.0,0.75,0.0,0.0,4.5,1.0,0.5,0
28.0,2.0,0.0,25.0,88.0,230.0,8.0,0.0,26.0,0.864197531,674.0,1.0,1.0,0.726315789,0.24691358,1.0,4.0,22.75,10.0,1.5,0
2.0,1.0,0.0,9.0,2.0,1.0,9.0,0.0,2.0,2.0,2.0,0.0,0.0,0.0,0.75,0.0,0.0,0.0,1.0,1.0,0
17.0,1.0,0.0,11.0,39.0,86.0,1.0,0.0,3.0,0.7578125,594.0,1.0,3.0,0.0,0.3125,0.0,0.0,33.47058824,14.0,3.6471,1
4.0,5.0,0.0,2.0,14.0,6.0,0.0,0.0,3.0,1.333333333,47.0,1.0,0.0,0.970588235,0.583333333,1.0,1.0,10.5,1.0,0.75,0
3.0,3.0,0.0,4.0,7.0,3.0,1.0,0.0,3.0,1.5,17.0,1.0,0.0,0.933333333,0.555555556,1.0,1.0,4.333333333,1.0,0.6667,0
5.0,2.0,0.0,4.0,10.0,4.0,3.0,0.0,5.0,0.583333333,56.0,1.0,1.0,0.333333333,0.4,0.0,0.0,9.6,1.0,0.8,0
6.0,1.0,0.0,4.0,18.0,7.0,1.0,0.0,3.0,0.833333333,104.0,1.0,1.0,0.0,0.5,0.0,0.0,15.33333333,4.0,1.6667,0
13.0,3.0,0.0,3.0,30.0,0.0,0.0,0.0,13.0,0.291666667,206.0,1.0,1.0,0.45,0.252747253,1.0,1.0,14.69230769,1.0,0.8462,0
1.0,1.0,0.0,0.0,2.0,0.0,0.0,0.0,1.0,2.0,5.0,0.0,0.0,0.0,1.0,0.0,0.0,3.0,0.0,0.0,0
12.0,1.0,0.0,2.0,25.0,0.0,1.0,0.0,0.0,0.436363636,212.0,1.0,0.0,0.0,0.395833333,0.0,0.0,16.25,3.0,1.3333,0
8.0,2.0,0.0,3.0,26.0,0.0,1.0,0.0,6.0,0.619047619,221.0,1.0,1.0,0.837837838,0.5,0.0,0.0,26.25,3.0,1.375,0
7.0,1.0,0.0,11.0,38.0,0.0,0.0,0.0,2.0,0.666666667,351.0,1.0,1.0,0.0,0.366666667,0.0,0.0,48.71428571,3.0,1.1429,0
2.0,1.0,0.0,1.0,17.0,1.0,0.0,0.0,2.0,2.0,160.0,0.0,0.0,0.0,0.6,0.0,0.0,79.0,1.0,0.5,0
2.0,1.0,0.0,1.0,10.0,1.0,0.0,0.0,2.0,2.0,54.0,1.0,0.0,0.0,0.6,0.0,0.0,25.5,1.0,0.5,0
42.0,1.0,0.0,53.0,104.0,0.0,49.0,0.0,39.0,0.76508344,1169.0,0.789473684,3.0,0.0,0.148558758,1.0,2.0,26.38095238,13.0,2.5952,0
4.0,5.0,0.0,2.0,13.0,0.0,0.0,0.0,4.0,0.0,58.0,1.0,0.0,0.957746479,0.625,1.0,1.0,13.25,1.0,0.75,0
6.0,3.0,0.0,1.0,22.0,15.0,1.0,0.0,4.0,1.12,184.0,0.0,0.0,0.85,0.5,1.0,1.0,28.83333333,14.0,2.8333,0
0.0,1.0,0.0,8.0,0.0,0.0,8.0,0.0,0.0,2.0,57.0,0.0,0.0,0.0,0.0,0.0,0.0,0.0,0.0,0.0,0
5.0,3.0,0.0,3.0,13.0,8.0,1.0,0.0,5.0,0.75,101.0,1.0,0.0,0.906976744,0.45,1.0,2.0,19.0,10.0,2.8,0
5.0,3.0,0.0,0.0,7.0,2.0,0.0,0.0,5.0,0.625,33.0,1.0,0.0,0.5,0.5,0.0,0.0,5.2,1.0,0.6,0
4.0,4.0,0.0,5.0,31.0,0.0,0.0,0.0,4.0,0.0,125.0,1.0,0.0,0.95,0.625,2.0,2.0,30.0,1.0,0.75,0
12.0,3.0,0.0,4.0,119.0,40.0,4.0,0.0,3.0,0.833333333,1190.0,0.666666667,0.0,0.705882353,0.246753247,2.0,4.0,97.66666667,1.0,0.8333,1
9.0,3.0,1.0,5.0,50.0,26.0,2.0,0.0,1.0,0.75,375.0,1.0,1.0,0.774193548,0.4,2.0,7.0,40.33333333,16.0,2.6667,0
17.0,1.0,0.0,0.0,17.0,136.0,0.0,0.0,17.0,1.0625,58.0,0.0,0.0,0.0,0.470588235,0.0,0.0,0.0,1.0,1.0,0
23.0,2.0,0.0,5.0,31.0,175.0,0.0,0.0,21.0,0.827272727,189.0,1.0,0.0,0.290322581,0.695652174,0.0,0.0,6.782608696,5.0,1.1304,0
6.0,2.0,0.0,9.0,33.0,0.0,0.0,0.0,5.0,0.8,212.0,1.0,1.0,0.911111111,0.7,0.0,0.0,33.66666667,3.0,1.6667,0
3.0,2.0,0.0,4.0,8.0,1.0,1.0,0.0,3.0,2.0,21.0,0.0,0.0,0.846153846,0.666666667,1.0,2.0,6.0,1.0,0.6667,0
32.0,2.0,0.0,11.0,85.0,296.0,3.0,0.0,28.0,0.666666667,865.0,1.0,0.0,0.691489362,0.193548387,1.0,15.0,25.84375,12.0,1.75,0
5.0,1.0,0.0,2.0,11.0,0.0,1.0,0.0,5.0,0.0,43.0,1.0,1.0,0.0,0.466666667,0.0,0.0,7.4,3.0,1.2,0
3.0,1.0,0.0,3.0,15.0,1.0,1.0,0.0,2.0,0.833333333,64.0,1.0,0.0,0.0,0.5,0.0,0.0,19.33333333,1.0,0.3333,0
8.0,1.0,0.0,1.0,13.0,4.0,1.0,0.0,7.0,0.571428571,2144.0,1.0,0.0,0.0,0.5,0.0,0.0,266.75,1.0,0.75,0
68.0,1.0,0.0,4.0,69.0,2278.0,1.0,0.0,68.0,2.0,170.0,0.0,0.0,0.0,0.136029412,0.0,0.0,1.5,1.0,0.9853,0
55.0,1.0,0.0,1.0,56.0,1485.0,1.0,0.0,54.0,1.018518519,329.0,0.0,0.0,0.0,0.5,0.0,0.0,3.909090909,1.0,0.9818,0
37.0,2.0,0.0,39.0,175.0,660.0,2.0,0.0,30.0,0.944444444,1350.0,1.0,0.0,0.539473684,0.433333333,0.0,0.0,35.40540541,4.0,1.1081,0
5.0,2.0,0.0,8.0,16.0,2.0,1.0,0.0,4.0,1.041666667,88.0,0.166666667,1.0,0.625,0.625,0.0,0.0,15.4,1.0,0.6,0
7.0,1.0,0.0,0.0,8.0,21.0,0.0,0.0,7.0,1.166666667,20.0,0.0,0.0,0.0,0.428571429,0.0,0.0,1.571428571,1.0,0.8571,0
38.0,1.0,0.0,5.0,54.0,227.0,1.0,0.0,7.0,0.776216216,3880.0,0.16,1.0,0.0,0.405405405,0.0,0.0,100.4473684,95.0,7.8947,0
10.0,1.0,0.0,1.0,11.0,45.0,0.0,0.0,10.0,1.111111111,19.0,0.0,0.0,0.0,0.3,0.0,0.0,0.3,1.0,0.9,0
3.0,1.0,0.0,2.0,5.0,1.0,1.0,0.0,2.0,0.5,16.0,0.0,1.0,0.0,0.555555556,0.0,0.0,4.0,1.0,0.6667,0
12.0,1.0,0.0,4.0,12.0,66.0,3.0,0.0,12.0,2.0,12.0,0.0,0.0,0.0,0.416666667,0.0,0.0,0.0,1.0,1.0,0
4.0,5.0,0.0,2.0,13.0,0.0,0.0,0.0,4.0,0.0,58.0,1.0,0.0,0.957746479,0.625,1.0,1.0,13.25,1.0,0.75,0
3.0,1.0,1.0,6.0,6.0,3.0,1.0,0.0,2.0,2.0,16.0,0.0,0.0,0.0,0.666666667,0.0,0.0,4.333333333,1.0,0.6667,0
9.0,1.0,0.0,8.0,29.0,10.0,4.0,0.0,2.0,0.569444444,433.0,0.888888889,4.0,0.0,0.303571429,0.0,0.0,46.11111111,2.0,0.8889,1
8.0,4.0,0.0,6.0,27.0,24.0,0.0,0.0,7.0,0.857142857,90.0,0.5,0.0,0.907692308,0.285714286,2.0,5.0,10.0,3.0,1.0,0
4.0,2.0,0.0,3.0,11.0,0.0,2.0,0.0,4.0,0.0,60.0,1.0,0.0,0.8,0.625,0.0,0.0,13.75,2.0,1.0,0
3.0,1.0,0.0,3.0,11.0,1.0,1.0,0.0,2.0,0.5,342.0,1.0,0.0,0.0,0.5,0.0,0.0,112.6666667,2.0,0.6667,0
6.0,1.0,0.0,6.0,17.0,9.0,6.0,0.0,5.0,0.6,150.0,1.0,0.0,0.0,0.2,0.0,0.0,23.5,1.0,0.6667,0
15.0,3.0,0.0,6.0,35.0,19.0,1.0,0.0,14.0,0.514285714,209.0,1.0,3.0,0.409090909,0.186666667,1.0,1.0,12.6,3.0,1.0,0
8.0,2.0,0.0,0.0,47.0,0.0,0.0,0.0,5.0,0.371428571,384.0,1.0,0.0,0.727272727,0.458333333,1.0,3.0,46.375,4.0,1.625,0
1.0,1.0,0.0,2.0,1.0,0.0,2.0,0.0,0.0,2.0,298.0,0.0,0.0,0.0,0.0,0.0,0.0,240.0,0.0,0.0,0
11.0,1.0,0.0,14.0,16.0,0.0,13.0,0.0,11.0,0.6,144.0,1.0,0.0,0.0,0.727272727,0.0,0.0,11.72727273,4.0,1.0909,0
5.0,1.0,0.0,0.0,5.0,10.0,0.0,0.0,5.0,2.0,5.0,0.0,0.0,0.0,0.4,0.0,0.0,0.0,1.0,1.0,0
15.0,1.0,0.0,0.0,24.0,61.0,0.0,0.0,15.0,0.818181818,257.0,0.909090909,0.0,0.0,0.35,0.0,0.0,15.4,3.0,0.9333,0
7.0,4.0,0.0,0.0,8.0,0.0,0.0,0.0,7.0,0.5,76.0,1.0,1.0,0.857142857,0.535714286,0.0,0.0,9.428571429,2.0,0.5714,0
4.0,3.0,0.0,2.0,8.0,2.0,2.0,0.0,4.0,0.666666667,33.0,1.0,1.0,0.921052632,0.5,0.0,0.0,6.75,1.0,0.75,0
1.0,1.0,0.0,0.0,2.0,0.0,0.0,0.0,1.0,2.0,41.0,0.0,0.0,0.0,1.0,0.0,0.0,3.0,0.0,0.0,0
13.0,1.0,0.0,6.0,15.0,64.0,6.0,0.0,12.0,0.869047619,390.0,1.0,0.0,0.0,0.333333333,0.0,0.0,28.46153846,1.0,0.8462,0
9.0,3.0,0.0,2.0,16.0,0.0,1.0,0.0,6.0,0.125,56.0,1.0,1.0,0.714285714,0.333333333,2.0,4.0,5.111111111,1.0,0.8889,0
7.0,1.0,0.0,11.0,35.0,17.0,3.0,0.0,2.0,1.055555556,484.0,0.166666667,1.0,0.0,0.333333333,0.0,0.0,66.42857143,34.0,10.0,0
1.0,1.0,0.0,16.0,1.0,0.0,15.0,0.0,1.0,2.0,1.0,0.0,0.0,0.0,1.0,0.0,0.0,0.0,1.0,1.0,0
26.0,1.0,0.0,14.0,76.0,139.0,2.0,0.0,12.0,0.765925926,2884.0,0.925925926,6.0,0.0,0.145604396,0.0,0.0,108.8846154,39.0,2.4231,0
10.0,3.0,0.0,10.0,56.0,25.0,0.0,0.0,3.0,0.777777778,514.0,1.0,1.0,0.857142857,0.333333333,1.0,3.0,49.9,19.0,3.5,0
5.0,1.0,0.0,0.0,6.0,2.0,0.0,0.0,5.0,0.75,36.0,1.0,0.0,0.0,0.4,0.0,0.0,5.4,1.0,0.8,0
7.0,1.0,0.0,0.0,16.0,0.0,0.0,0.0,7.0,0.0,63.0,1.0,0.0,0.0,0.571428571,0.0,0.0,7.857142857,2.0,1.2857,0
3.0,3.0,0.0,4.0,24.0,3.0,1.0,0.0,3.0,2.0,161.0,0.0,0.0,0.951219512,0.666666667,1.0,2.0,52.66666667,1.0,0.6667,0
7.0,3.0,1.0,0.0,11.0,19.0,0.0,0.0,6.0,0.833333333,34.0,1.0,1.0,0.869565217,0.428571429,0.0,0.0,3.714285714,1.0,0.8571,0
21.0,1.0,0.0,7.0,71.0,122.0,3.0,0.0,14.0,0.853846154,1068.0,1.0,2.0,0.0,0.166666667,0.0,0.0,49.23809524,14.0,3.7143,0
3.0,1.0,0.0,2.0,3.0,3.0,1.0,0.0,3.0,2.0,3.0,0.0,0.0,0.0,0.5,0.0,0.0,0.0,1.0,1.0,0
32.0,1.0,2.0,0.0,63.0,0.0,0.0,0.0,32.0,0.0,185.0,1.0,1.0,0.0,0.3359375,0.0,0.0,4.75,2.0,1.0,0
25.0,2.0,0.0,11.0,55.0,6.0,6.0,0.0,22.0,0.510416667,786.0,1.0,0.0,0.488888889,0.256944444,1.0,1.0,30.28,6.0,1.72,0
20.0,1.0,0.0,0.0,53.0,48.0,0.0,0.0,18.0,0.602339181,1126.0,1.0,0.0,0.0,0.31,0.0,0.0,54.85,6.0,1.65,0
13.0,1.0,1.0,13.0,32.0,60.0,13.0,0.0,10.0,0.979166667,210.0,0.0,1.0,0.0,0.208333333,0.0,0.0,14.23076923,5.0,1.3077,0
5.0,3.0,1.0,0.0,8.0,4.0,0.0,0.0,5.0,0.5,31.0,1.0,0.0,0.944444444,0.6,0.0,0.0,5.0,1.0,0.2,0
33.0,1.0,3.0,14.0,77.0,488.0,3.0,0.0,17.0,0.927083333,702.0,1.0,0.0,0.0,0.196022727,0.0,0.0,19.90909091,25.0,2.8182,0
44.0,4.0,6.0,11.0,102.0,844.0,8.0,0.0,36.0,0.92749658,1083.0,0.882352941,0.0,0.575757576,0.259689922,1.0,1.0,23.22727273,16.0,1.9318,0
3.0,1.0,0.0,6.0,9.0,0.0,4.0,0.0,3.0,0.1875,101.0,0.0,2.0,0.0,1.0,0.0,0.0,30.0,1.0,0.6667,0
32.0,3.0,0.0,2.0,45.0,426.0,1.0,0.0,28.0,0.290322581,265.0,1.0,1.0,0.655172414,0.167155425,2.0,12.0,7.1875,2.0,1.125,0
4.0,2.0,0.0,9.0,18.0,0.0,2.0,0.0,4.0,0.0,507.0,1.0,0.0,0.666666667,0.5,1.0,1.0,125.25,3.0,0.75,0
14.0,2.0,0.0,9.0,57.0,0.0,0.0,0.0,13.0,0.769230769,511.0,1.0,1.0,0.773584906,0.846153846,0.0,0.0,35.0,2.0,1.5,0
14.0,1.0,0.0,3.0,29.0,13.0,0.0,0.0,11.0,0.759615385,453.0,1.0,2.0,0.0,0.365384615,0.0,0.0,30.78571429,6.0,2.3571,0
0.0,1.0,0.0,0.0,0.0,0.0,0.0,0.0,0.0,2.0,0.0,0.0,0.0,0.0,0.0,0.0,0.0,0.0,0.0,0.0,0
2.0,1.0,0.0,4.0,14.0,1.0,2.0,0.0,2.0,2.0,87.0,0.0,0.0,0.0,0.6,0.0,0.0,42.5,4.0,2.0,0
8.0,4.0,0.0,3.0,17.0,28.0,3.0,0.0,8.0,1.142857143,102.0,1.0,0.0,0.901639344,0.5,0.0,0.0,11.625,6.0,1.375,0
2.0,1.0,0.0,1.0,14.0,1.0,0.0,0.0,2.0,2.0,104.0,0.0,0.0,0.0,0.6,0.0,0.0,51.0,1.0,0.5,0
6.0,1.0,0.0,14.0,29.0,0.0,11.0,0.0,2.0,0.828571429,309.0,1.0,2.0,0.0,0.333333333,0.0,0.0,49.33333333,5.0,1.6667,0
4.0,1.0,0.0,3.0,20.0,0.0,3.0,0.0,4.0,0.666666667,78.0,0.5,0.0,0.0,0.583333333,0.0,0.0,18.0,3.0,1.0,0
21.0,1.0,0.0,1.0,55.0,68.0,1.0,0.0,19.0,0.622222222,1188.0,1.0,0.0,0.0,0.253968254,0.0,0.0,55.14285714,6.0,1.8095,0
8.0,1.0,0.0,0.0,20.0,6.0,0.0,0.0,7.0,0.5,564.0,0.5,0.0,0.0,0.785714286,0.0,0.0,69.25,3.0,1.25,0
11.0,2.0,0.0,2.0,15.0,37.0,1.0,0.0,11.0,1.1,230.0,0.0,0.0,0.545454545,0.333333333,1.0,9.0,19.81818182,3.0,0.9091,0
1.0,1.0,0.0,17.0,1.0,0.0,15.0,0.0,1.0,2.0,1.0,0.0,0.0,0.0,1.0,0.0,0.0,0.0,1.0,1.0,0
2.0,2.0,0.0,5.0,11.0,1.0,1.0,0.0,2.0,2.0,44.0,0.0,0.0,0.916666667,0.666666667,0.0,0.0,21.0,1.0,0.5,0
53.0,1.0,0.0,14.0,121.0,884.0,7.0,0.0,41.0,0.894917582,1074.0,0.821428571,5.0,0.0,0.109467456,0.0,0.0,18.73584906,11.0,1.7547,0
10.0,1.0,0.0,7.0,10.0,45.0,6.0,0.0,10.0,2.0,10.0,0.0,0.0,0.0,0.35,0.0,0.0,0.0,1.0,1.0,0
20.0,1.0,0.0,11.0,61.0,154.0,5.0,0.0,16.0,0.804511278,695.0,0.142857143,2.0,0.0,0.270676692,0.0,0.0,33.4,22.0,3.75,0
5.0,4.0,0.0,1.0,24.0,2.0,1.0,0.0,5.0,0.75,133.0,1.0,0.0,0.953488372,0.4,3.0,5.0,24.6,3.0,1.2,0
40.0,2.0,0.0,11.0,111.0,380.0,0.0,0.0,35.0,0.845039019,1771.0,1.0,0.0,0.24,0.352564103,1.0,5.0,42.7,4.0,1.1,0
1.0,1.0,0.0,0.0,2.0,0.0,0.0,0.0,1.0,2.0,5.0,0.0,0.0,0.0,1.0,0.0,0.0,3.0,0.0,0.0,0
7.0,1.0,0.0,0.0,16.0,0.0,0.0,0.0,7.0,0.0,63.0,1.0,0.0,0.0,0.571428571,0.0,0.0,7.857142857,2.0,1.2857,0
8.0,2.0,0.0,9.0,11.0,16.0,6.0,0.0,7.0,0.714285714,56.0,1.0,4.0,0.642857143,0.357142857,0.0,0.0,5.5,2.0,0.75,0
11.0,1.0,0.0,2.0,19.0,37.0,0.0,0.0,9.0,0.7,205.0,0.75,0.0,0.0,0.375,0.0,0.0,16.90909091,4.0,1.0909,0
4.0,1.0,0.0,0.0,4.0,6.0,0.0,0.0,4.0,2.0,4.0,0.0,0.0,0.0,0.625,0.0,0.0,0.0,1.0,1.0,0
5.0,1.0,0.0,3.0,10.0,10.0,3.0,0.0,4.0,1.25,51.0,1.0,0.0,0.0,0.314285714,0.0,0.0,9.0,1.0,0.8,0
3.0,1.0,0.0,0.0,3.0,3.0,0.0,0.0,3.0,2.0,3.0,0.0,0.0,0.0,0.466666667,0.0,0.0,0.0,1.0,1.0,0
1.0,1.0,0.0,0.0,2.0,0.0,0.0,0.0,1.0,2.0,5.0,0.0,0.0,0.0,1.0,0.0,0.0,3.0,0.0,0.0,0
8.0,2.0,0.0,0.0,37.0,0.0,0.0,0.0,7.0,1.071428571,273.0,1.0,0.0,0.538461538,0.904761905,0.0,0.0,31.625,2.0,1.0,0
25.0,1.0,11.0,19.0,41.0,272.0,17.0,0.0,25.0,0.986979167,206.0,0.5625,2.0,0.0,0.133333333,0.0,0.0,6.6,3.0,1.04,0
8.0,2.0,0.0,3.0,15.0,0.0,2.0,0.0,8.0,0.571428571,125.0,1.0,0.0,0.631578947,0.6875,0.0,0.0,14.25,6.0,1.5,0
15.0,2.0,0.0,15.0,55.0,71.0,1.0,0.0,12.0,0.887755102,630.0,1.0,1.0,0.606060606,0.232142857,0.0,0.0,40.53333333,1.0,0.8667,0
3.0,1.0,0.0,7.0,3.0,3.0,7.0,0.0,3.0,2.0,3.0,0.0,0.0,0.0,0.555555556,0.0,0.0,0.0,1.0,1.0,0
11.0,1.0,0.0,9.0,20.0,29.0,8.0,0.0,10.0,0.72,166.0,1.0,1.0,0.0,0.4,0.0,0.0,13.63636364,4.0,1.1818,0
6.0,1.0,0.0,1.0,27.0,15.0,0.0,0.0,4.0,1.2,223.0,1.0,0.0,0.0,0.3,0.0,0.0,36.0,12.0,3.8333,0
21.0,3.0,3.0,7.0,44.0,2.0,3.0,0.0,12.0,0.545,317.0,0.8,0.0,0.649122807,0.30952381,1.0,3.0,13.61904762,4.0,1.5238,0
8.0,1.0,9.0,0.0,18.0,28.0,0.0,0.0,7.0,1.142857143,55.0,0.0,0.0,0.0,0.55,0.0,0.0,5.625,4.0,1.25,0
36.0,1.0,0.0,11.0,94.0,464.0,3.0,0.0,31.0,0.561904762,970.0,1.0,1.0,0.0,0.310204082,0.0,0.0,25.77777778,1.0,0.9167,0
2.0,1.0,0.0,2.0,11.0,1.0,0.0,0.0,2.0,2.0,203.0,0.0,0.0,0.0,0.75,0.0,0.0,100.5,2.0,1.0,0
3.0,1.0,0.0,6.0,6.0,3.0,1.0,0.0,2.0,2.0,16.0,0.0,0.0,0.0,0.666666667,0.0,0.0,4.333333333,1.0,0.6667,0
10.0,2.0,0.0,0.0,20.0,0.0,0.0,0.0,10.0,0.444444444,68.0,1.0,2.0,0.5,0.242857143,0.0,0.0,5.6,2.0,1.0,0
37.0,1.0,1.0,8.0,68.0,0.0,7.0,0.0,36.0,0.912835249,1201.0,0.517241379,0.0,0.0,0.190972222,0.0,0.0,30.67567568,11.0,3.0,1
2.0,1.0,0.0,1.0,42.0,1.0,0.0,0.0,2.0,2.0,361.0,0.0,0.0,0.0,0.6,0.0,0.0,179.5,1.0,0.5,0
4.0,1.0,0.0,6.0,18.0,0.0,1.0,0.0,4.0,0.5,168.0,1.0,2.0,0.0,0.4375,0.0,0.0,40.5,11.0,3.25,0
9.0,1.0,0.0,1.0,15.0,36.0,1.0,0.0,2.0,2.0,493.0,0.0,0.0,0.0,0.5,0.0,0.0,53.77777778,1.0,0.8889,0
39.0,2.0,1.0,26.0,118.0,433.0,1.0,0.0,34.0,0.868421053,1231.0,1.0,4.0,0.446153846,0.137651822,1.0,5.0,30.28205128,14.0,2.7436,0
3.0,1.0,0.0,5.0,25.0,0.0,0.0,0.0,2.0,1.1,172.0,1.0,1.0,0.0,0.75,0.0,0.0,54.66666667,7.0,2.3333,0
5.0,3.0,0.0,5.0,10.0,0.0,2.0,0.0,5.0,2.0,38.0,0.0,0.0,0.906976744,0.55,0.0,0.0,6.6,1.0,0.8,0
3.0,2.0,0.0,7.0,22.0,0.0,1.0,0.0,3.0,0.5,128.0,1.0,0.0,0.846153846,0.777777778,0.0,0.0,41.0,1.0,0.6667,0
80.0,2.0,0.0,28.0,231.0,2670.0,8.0,0.0,74.0,0.931170886,2501.0,1.0,4.0,0.469387755,0.108499096,1.0,2.0,29.8625,5.0,1.325,1
14.0,1.0,0.0,29.0,14.0,91.0,26.0,0.0,14.0,2.0,14.0,0.0,0.0,0.0,0.214285714,0.0,0.0,0.0,1.0,1.0,0
2.0,1.0,0.0,5.0,6.0,1.0,1.0,0.0,2.0,2.0,16.0,0.0,0.0,0.0,0.5,0.0,0.0,7.0,1.0,0.5,0
34.0,2.0,0.0,11.0,94.0,439.0,3.0,0.0,28.0,0.737373737,696.0,1.0,1.0,0.684210526,0.170995671,1.0,15.0,19.38235294,6.0,1.3529,0
3.0,2.0,0.0,2.0,8.0,0.0,1.0,0.0,3.0,0.25,48.0,1.0,2.0,0.333333333,0.555555556,0.0,0.0,14.33333333,3.0,1.3333,0
69.0,1.0,2.0,15.0,164.0,1874.0,3.0,0.0,65.0,0.944497154,1513.0,1.0,2.0,0.0,0.120098039,0.0,0.0,20.47826087,7.0,1.7246,0
3.0,4.0,0.0,109.0,6.0,3.0,109.0,0.0,3.0,2.0,16.0,0.0,0.0,1.0,0.777777778,0.0,0.0,4.333333333,0.0,0.0,0
11.0,1.0,0.0,3.0,15.0,1.0,1.0,0.0,11.0,0.683333333,193.0,1.0,1.0,0.0,0.327272727,0.0,0.0,16.0,3.0,1.3636,1
1.0,3.0,0.0,1.0,2.0,0.0,0.0,0.0,1.0,2.0,4.0,0.0,0.0,1.0,1.0,0.0,0.0,3.0,0.0,0.0,0
4.0,5.0,0.0,2.0,11.0,0.0,0.0,0.0,4.0,0.0,40.0,1.0,0.0,0.957746479,0.625,1.0,1.0,8.75,1.0,0.75,0
9.0,1.0,0.0,8.0,26.0,32.0,7.0,0.0,7.0,0.5,230.0,1.0,0.0,0.0,0.625,0.0,0.0,24.33333333,5.0,1.4444,0
3.0,1.0,0.0,0.0,3.0,3.0,0.0,0.0,3.0,2.0,3.0,0.0,0.0,0.0,1.0,0.0,0.0,0.0,1.0,1.0,0
9.0,3.0,0.0,12.0,66.0,0.0,0.0,0.0,7.0,0.7125,461.0,1.0,1.0,0.895522388,0.270833333,0.0,0.0,49.11111111,11.0,2.6667,0
5.0,1.0,0.0,34.0,5.0,10.0,32.0,0.0,5.0,1.25,14.0,0.0,0.0,0.0,0.7,0.0,0.0,0.0,1.0,1.0,0
52.0,1.0,0.0,25.0,71.0,0.0,22.0,0.0,50.0,0.692810458,1338.0,1.0,2.0,0.0,0.164335664,0.0,0.0,24.55769231,11.0,2.0577,1
18.0,1.0,0.0,21.0,18.0,153.0,19.0,0.0,18.0,1.058823529,20.0,0.0,0.0,0.0,0.518518519,0.0,0.0,0.0,1.0,1.0,0
10.0,2.0,0.0,0.0,46.0,31.0,0.0,0.0,8.0,0.777777778,330.0,1.0,0.0,0.5,0.611111111,2.0,2.0,31.8,6.0,1.6,0
6.0,1.0,0.0,16.0,49.0,9.0,4.0,0.0,3.0,0.4,233.0,1.0,0.0,0.0,0.351851852,0.0,0.0,37.66666667,3.0,1.1667,1
3.0,3.0,0.0,2.0,7.0,0.0,2.0,0.0,3.0,0.0,24.0,1.0,0.0,0.909090909,0.666666667,2.0,2.0,6.666666667,1.0,0.6667,0
13.0,1.0,0.0,16.0,13.0,78.0,14.0,0.0,13.0,2.0,13.0,0.0,0.0,0.0,0.292307692,0.0,0.0,0.0,1.0,1.0,0
4.0,1.0,0.0,2.0,16.0,4.0,0.0,0.0,2.0,0.666666667,863.0,1.0,0.0,0.0,0.875,0.0,0.0,213.75,10.0,4.0,0
12.0,2.0,0.0,4.0,45.0,26.0,1.0,0.0,12.0,0.480519481,337.0,1.0,1.0,0.84057971,0.266666667,1.0,8.0,26.5,4.0,1.3333,0
2.0,1.0,0.0,0.0,2.0,1.0,0.0,0.0,2.0,2.0,2.0,0.0,0.0,0.0,1.0,0.0,0.0,0.0,1.0,1.0,0
8.0,1.0,0.0,25.0,14.0,22.0,25.0,0.0,7.0,0.142857143,113.0,1.0,0.0,0.0,0.380952381,0.0,0.0,13.0,1.0,0.75,0
2.0,2.0,0.0,3.0,10.0,1.0,0.0,0.0,2.0,2.0,38.0,0.0,0.0,0.976190476,0.75,1.0,1.0,18.0,1.0,0.5,0
9.0,1.0,0.0,2.0,10.0,36.0,0.0,0.0,9.0,2.0,12.0,0.0,0.0,0.0,0.377777778,0.0,0.0,0.333333333,1.0,0.8889,0
3.0,2.0,0.0,6.0,17.0,1.0,1.0,0.0,3.0,2.0,68.0,0.0,0.0,0.846153846,0.666666667,0.0,0.0,21.66666667,1.0,0.6667,0
3.0,1.0,3.0,0.0,4.0,3.0,0.0,0.0,3.0,2.0,6.0,0.0,0.0,0.0,0.666666667,0.0,0.0,1.0,1.0,0.6667,0
2.0,2.0,1.0,2.0,5.0,1.0,1.0,0.0,2.0,2.0,10.0,0.0,0.0,0.976190476,1.0,0.0,0.0,4.0,1.0,0.5,0
2.0,2.0,1.0,0.0,4.0,1.0,0.0,0.0,2.0,2.0,10.0,0.0,0.0,0.666666667,0.75,0.0,0.0,4.0,1.0,0.5,0
20.0,2.0,0.0,4.0,52.0,114.0,1.0,0.0,19.0,0.511278195,774.0,1.0,0.0,0.55,0.305555556,1.0,4.0,37.35,4.0,0.7,0
35.0,1.0,0.0,4.0,87.0,573.0,1.0,0.0,31.0,0.544117647,373.0,0.5,1.0,0.0,0.343137255,0.0,0.0,9.485714286,1.0,0.9143,0
3.0,1.0,0.0,5.0,8.0,3.0,0.0,0.0,2.0,2.0,26.0,0.0,0.0,0.0,0.333333333,0.0,0.0,7.666666667,1.0,0.6667,0
38.0,1.0,0.0,7.0,85.0,0.0,5.0,0.0,36.0,0.067567568,540.0,1.0,2.0,0.0,0.254826255,0.0,0.0,13.15789474,3.0,1.7632,0
6.0,5.0,0.0,2.0,18.0,3.0,0.0,0.0,5.0,0.8,96.0,1.0,0.0,0.951923077,0.555555556,1.0,1.0,14.66666667,1.0,0.8333,0
7.0,4.0,0.0,4.0,12.0,11.0,4.0,0.0,7.0,0.166666667,77.0,1.0,0.0,0.85,0.523809524,1.0,2.0,9.714285714,4.0,0.8571,0
6.0,1.0,0.0,9.0,18.0,9.0,8.0,0.0,4.0,0.8,1423.0,0.333333333,1.0,0.0,0.25,0.0,0.0,235.6666667,15.0,4.1667,0
2.0,1.0,0.0,5.0,5.0,0.0,4.0,0.0,2.0,0.0,69.0,0.0,5.0,0.0,1.0,0.0,0.0,29.0,1.0,0.5,0
26.0,1.0,0.0,7.0,66.0,0.0,1.0,0.0,23.0,0.544,923.0,1.0,1.0,0.0,0.217142857,0.0,0.0,34.30769231,6.0,2.3077,0
3.0,1.0,0.0,4.0,4.0,3.0,4.0,0.0,3.0,1.4375,23.0,0.0,2.0,0.0,0.5,0.0,0.0,4.0,2.0,1.0,0
24.0,2.0,0.0,17.0,67.0,98.0,9.0,0.0,22.0,0.826086957,626.0,0.736842105,5.0,0.3125,0.208333333,1.0,2.0,24.29166667,3.0,1.0,1
4.0,1.0,0.0,10.0,17.0,0.0,2.0,0.0,2.0,0.833333333,85.0,0.5,1.0,0.0,0.333333333,0.0,0.0,19.25,1.0,0.5,0
2.0,2.0,0.0,2.0,4.0,0.0,1.0,0.0,2.0,0.0,21.0,1.0,0.0,0.916666667,0.666666667,0.0,0.0,9.0,1.0,0.5,0
29.0,1.0,0.0,9.0,67.0,316.0,3.0,0.0,2.0,0.55952381,960.0,1.0,3.0,0.0,0.210727969,0.0,0.0,31.79310345,2.0,1.0,0
7.0,1.0,0.0,6.0,15.0,9.0,2.0,0.0,7.0,0.5,67.0,1.0,1.0,0.0,0.428571429,0.0,0.0,8.428571429,1.0,0.8571,1
11.0,2.0,0.0,14.0,37.0,13.0,1.0,0.0,7.0,0.84,237.0,1.0,2.0,0.842105263,0.5,1.0,5.0,20.09090909,9.0,1.9091,0
3.0,3.0,0.0,4.0,8.0,3.0,1.0,0.0,3.0,2.0,40.0,0.0,0.0,0.951219512,0.666666667,1.0,1.0,12.33333333,1.0,0.6667,0
9.0,2.0,0.0,38.0,15.0,0.0,38.0,0.0,9.0,0.666666667,57.0,1.0,3.0,0.529411765,0.253968254,0.0,0.0,5.0,1.0,0.8889,1
34.0,2.0,0.0,11.0,113.0,411.0,1.0,0.0,25.0,0.897596656,1577.0,1.0,2.0,0.384615385,0.198653199,0.0,0.0,44.52941176,33.0,2.7647,0
2.0,1.0,0.0,2.0,11.0,1.0,0.0,0.0,2.0,2.0,265.0,0.0,0.0,0.0,0.75,0.0,0.0,131.5,3.0,1.5,0
3.0,1.0,0.0,5.0,6.0,0.0,5.0,0.0,3.0,1.142857143,40.0,0.0,0.0,0.0,0.583333333,1.0,1.0,10.0,3.0,1.3333,0
4.0,1.0,0.0,2.0,10.0,0.0,1.0,0.0,2.0,0.266666667,83.0,0.0,2.0,0.0,0.5,0.0,0.0,18.5,3.0,1.5,0
21.0,1.0,0.0,5.0,75.0,118.0,0.0,0.0,15.0,0.838888889,720.0,1.0,1.0,0.0,0.26,0.0,0.0,32.85714286,7.0,1.4286,0
1.0,1.0,0.0,3.0,1.0,0.0,3.0,0.0,1.0,2.0,1.0,0.0,0.0,0.0,1.0,0.0,0.0,0.0,1.0,1.0,0
3.0,1.0,8.0,12.0,4.0,1.0,10.0,0.0,3.0,0.5,13.0,1.0,0.0,0.0,0.666666667,0.0,0.0,3.0,1.0,0.6667,0
16.0,1.0,0.0,4.0,22.0,68.0,4.0,0.0,16.0,0.847619048,131.0,1.0,0.0,0.0,0.71875,0.0,0.0,6.75,1.0,0.9375,0
2.0,1.0,0.0,2.0,10.0,1.0,0.0,0.0,2.0,2.0,273.0,0.0,0.0,0.0,0.75,0.0,0.0,135.5,2.0,1.0,0
11.0,2.0,0.0,0.0,46.0,39.0,0.0,0.0,8.0,0.55,401.0,1.0,1.0,0.4375,0.424242424,1.0,2.0,35.27272727,5.0,1.7273,0
11.0,1.0,0.0,3.0,36.0,5.0,1.0,0.0,10.0,0.625,245.0,1.0,1.0,0.0,0.409090909,0.0,0.0,20.90909091,6.0,2.3636,0
16.0,1.0,0.0,13.0,34.0,0.0,13.0,0.0,16.0,0.628571429,412.0,0.857142857,0.0,0.0,0.375,0.0,0.0,24.3125,3.0,1.875,0
28.0,1.0,0.0,34.0,181.0,20.0,4.0,0.0,8.0,0.773420479,2634.0,1.0,6.0,0.0,0.148148148,0.0,0.0,92.46428571,19.0,5.0714,1
7.0,1.0,0.0,1.0,8.0,21.0,0.0,0.0,7.0,2.0,10.0,0.0,0.0,0.0,0.357142857,0.0,0.0,0.428571429,1.0,0.8571,0
62.0,2.0,0.0,11.0,143.0,1471.0,1.0,0.0,43.0,0.929903901,1875.0,0.965517241,0.0,0.440366972,0.233870968,2.0,6.0,28.77419355,15.0,1.5968,0
12.0,1.0,0.0,1.0,16.0,14.0,1.0,0.0,12.0,0.727272727,139.0,1.0,0.0,0.0,0.708333333,0.0,0.0,10.16666667,5.0,1.25,0
6.0,1.0,0.0,2.0,19.0,0.0,0.0,0.0,5.0,0.3,90.0,1.0,1.0,0.0,0.444444444,0.0,0.0,13.66666667,6.0,1.6667,0
2.0,4.0,0.0,4.0,6.0,1.0,1.0,0.0,2.0,2.0,33.0,0.0,0.0,0.975609756,0.666666667,1.0,1.0,15.5,1.0,0.5,0
5.0,2.0,0.0,12.0,6.0,4.0,11.0,0.0,5.0,0.5,45.0,1.0,1.0,0.4,0.5,0.0,0.0,7.4,1.0,0.6,0
2.0,1.0,1.0,0.0,3.0,1.0,0.0,0.0,2.0,2.0,5.0,0.0,0.0,0.0,0.75,0.0,0.0,1.5,1.0,0.5,0
6.0,1.0,0.0,4.0,18.0,0.0,1.0,0.0,4.0,0.555555556,162.0,1.0,2.0,0.0,0.375,0.0,0.0,24.5,3.0,1.5,0
2.0,2.0,0.0,7.0,28.0,0.0,2.0,0.0,2.0,1.333333333,184.0,1.0,1.0,0.923076923,0.7,1.0,2.0,86.5,3.0,1.5,0
1.0,1.0,0.0,1.0,2.0,0.0,1.0,0.0,0.0,2.0,52.0,0.0,0.0,0.0,1.0,0.0,0.0,6.0,0.0,0.0,0
3.0,1.0,0.0,0.0,3.0,3.0,0.0,0.0,3.0,2.0,3.0,0.0,0.0,0.0,0.555555556,0.0,0.0,0.0,1.0,1.0,0
2.0,2.0,0.0,3.0,6.0,0.0,1.0,0.0,2.0,0.0,22.0,1.0,1.0,0.5,0.666666667,0.0,0.0,9.5,1.0,0.5,0
46.0,1.0,0.0,25.0,133.0,1027.0,17.0,0.0,43.0,1.006666667,2140.0,0.9,1.0,0.0,0.128571429,0.0,0.0,45.30434783,13.0,3.413,0
3.0,1.0,1.0,0.0,4.0,3.0,0.0,0.0,3.0,2.0,6.0,0.0,0.0,0.0,0.666666667,0.0,0.0,1.0,1.0,0.6667,0
8.0,1.0,0.0,0.0,12.0,22.0,0.0,0.0,8.0,0.904761905,81.0,1.0,2.0,0.0,0.34375,0.0,0.0,8.75,4.0,1.25,0
131.0,1.0,0.0,79.0,311.0,6643.0,51.0,0.0,120.0,0.95625,2701.0,1.0,17.0,0.0,0.073461538,0.0,0.0,19.2519084,22.0,2.2366,1
66.0,2.0,0.0,17.0,174.0,1593.0,4.0,0.0,57.0,0.922507123,1439.0,0.555555556,2.0,0.272727273,0.1,1.0,1.0,20.39393939,7.0,1.2576,0
2.0,1.0,0.0,2.0,4.0,1.0,2.0,0.0,2.0,2.0,10.0,0.0,0.0,0.0,0.75,0.0,0.0,4.0,1.0,0.5,0
19.0,2.0,0.0,10.0,65.0,109.0,2.0,0.0,13.0,0.883333333,558.0,1.0,1.0,0.738461538,0.322222222,1.0,5.0,27.84210526,15.0,2.5789,1
18.0,2.0,2.0,5.0,59.0,113.0,2.0,0.0,6.0,0.935828877,499.0,0.545454545,0.0,0.333333333,0.22875817,0.0,0.0,26.11111111,15.0,1.8333,1
4.0,1.0,0.0,0.0,5.0,0.0,0.0,0.0,4.0,0.666666667,28.0,1.0,0.0,0.0,0.625,0.0,0.0,5.25,1.0,0.75,0
28.0,1.0,0.0,2.0,40.0,96.0,2.0,0.0,25.0,0.444444444,1019.0,0.666666667,0.0,0.0,0.31547619,0.0,0.0,34.85714286,7.0,1.3571,0
2.0,1.0,0.0,1.0,5.0,0.0,1.0,0.0,2.0,0.0,18.0,1.0,1.0,0.0,0.666666667,0.0,0.0,7.5,1.0,0.5,0
3.0,1.0,0.0,1.0,3.0,3.0,1.0,0.0,3.0,2.0,3.0,0.0,0.0,0.0,0.666666667,0.0,0.0,0.0,1.0,1.0,0
11.0,1.0,0.0,2.0,24.0,15.0,1.0,0.0,11.0,0.64,446.0,0.0,1.0,0.0,0.318181818,0.0,0.0,39.09090909,5.0,1.2727,0
47.0,1.0,0.0,20.0,177.0,739.0,3.0,0.0,39.0,0.894409938,1737.0,1.0,4.0,0.0,0.097101449,0.0,0.0,35.5106383,15.0,2.383,0
3.0,2.0,0.0,6.0,14.0,1.0,1.0,0.0,3.0,0.0,249.0,1.0,0.0,0.666666667,0.555555556,1.0,1.0,81.66666667,1.0,0.3333,0
12.0,2.0,0.0,10.0,55.0,36.0,0.0,0.0,10.0,0.727272727,470.0,1.0,1.0,0.803921569,0.772727273,0.0,0.0,37.91666667,3.0,1.5833,0
11.0,1.0,0.0,16.0,11.0,55.0,15.0,0.0,11.0,2.0,11.0,0.0,0.0,0.0,0.484848485,0.0,0.0,0.0,1.0,1.0,0
9.0,2.0,0.0,3.0,78.0,24.0,0.0,0.0,6.0,0.625,844.0,1.0,0.0,0.80952381,0.55,2.0,10.0,92.44444444,19.0,4.1111,0
5.0,2.0,0.0,5.0,10.0,4.0,4.0,0.0,5.0,0.5,61.0,1.0,1.0,0.333333333,0.4,0.0,0.0,10.6,1.0,0.8,0
2.0,4.0,0.0,2.0,4.0,1.0,1.0,0.0,2.0,2.0,11.0,0.0,0.0,1.0,0.833333333,0.0,0.0,4.5,0.0,0.0,1
28.0,2.0,0.0,12.0,93.0,172.0,4.0,0.0,22.0,0.77582846,1410.0,0.421052632,11.0,0.297297297,0.171717172,0.0,0.0,48.67857143,17.0,3.7143,1
3.0,1.0,0.0,0.0,3.0,3.0,0.0,0.0,3.0,2.0,3.0,0.0,0.0,0.0,1.0,0.0,0.0,0.0,1.0,1.0,0
7.0,1.0,0.0,1.0,7.0,21.0,1.0,0.0,6.0,1.142857143,34.0,0.0,0.0,0.0,1.0,0.0,0.0,2.857142857,1.0,0.8571,0
2.0,1.0,0.0,2.0,13.0,1.0,0.0,0.0,2.0,2.0,410.0,0.0,0.0,0.0,0.75,0.0,0.0,204.0,6.0,3.0,0
24.0,1.0,0.0,9.0,119.0,92.0,1.0,0.0,13.0,0.830039526,1158.0,1.0,3.0,0.0,0.178743961,0.0,0.0,46.79166667,11.0,1.4167,0
4.0,1.0,0.0,7.0,9.0,4.0,2.0,0.0,1.0,0.666666667,28.0,1.0,0.0,0.0,0.333333333,0.0,0.0,5.75,1.0,0.5,0
5.0,1.0,0.0,1.0,6.0,0.0,1.0,0.0,5.0,0.45,115.0,1.0,0.0,0.0,0.466666667,0.0,0.0,21.0,2.0,1.0,0
2.0,1.0,0.0,1.0,15.0,1.0,0.0,0.0,2.0,2.0,60.0,0.0,0.0,0.0,0.6,0.0,0.0,29.0,1.0,0.5,0
3.0,1.0,0.0,13.0,35.0,3.0,1.0,0.0,1.0,2.0,194.0,0.0,0.0,0.0,0.416666667,0.0,0.0,63.66666667,1.0,0.6667,1
24.0,1.0,0.0,18.0,68.0,156.0,13.0,0.0,19.0,0.889632107,590.0,1.0,4.0,0.0,0.236714976,0.0,0.0,23.04166667,13.0,1.9167,1
43.0,2.0,1.0,22.0,123.0,481.0,7.0,0.0,33.0,0.871794872,1262.0,1.0,2.0,0.62037037,0.164021164,1.0,6.0,28.04651163,9.0,2.1628,1
3.0,2.0,0.0,6.0,12.0,1.0,2.0,0.0,3.0,0.0,50.0,1.0,1.0,0.5,0.611111111,0.0,0.0,15.33333333,1.0,0.6667,0
3.0,2.0,0.0,2.0,8.0,3.0,2.0,0.0,3.0,1.5,47.0,0.0,0.0,0.9375,0.833333333,0.0,0.0,14.0,3.0,1.0,0
3.0,1.0,0.0,0.0,4.0,0.0,0.0,0.0,3.0,0.5,20.0,1.0,0.0,0.0,0.666666667,0.0,0.0,5.0,1.0,0.6667,0
9.0,2.0,0.0,6.0,28.0,0.0,1.0,0.0,8.0,0.5,240.0,1.0,1.0,0.6,0.388888889,0.0,0.0,25.44444444,5.0,1.5556,0
8.0,1.0,0.0,0.0,17.0,0.0,0.0,0.0,8.0,0.523809524,91.0,1.0,0.0,0.0,0.5625,0.0,0.0,10.0,3.0,1.5,0
24.0,1.0,0.0,36.0,157.0,20.0,2.0,0.0,19.0,0.66798419,1717.0,1.0,3.0,0.0,0.147157191,0.0,0.0,70.08333333,26.0,4.3333,0
9.0,3.0,0.0,8.0,27.0,0.0,6.0,0.0,6.0,0.25,198.0,1.0,1.0,0.555555556,0.416666667,2.0,3.0,20.88888889,1.0,0.8889,0
2.0,1.0,0.0,2.0,4.0,1.0,1.0,0.0,1.0,1.878787879,305.0,0.0,0.0,0.0,1.0,0.0,0.0,102.0,0.0,0.0,0
3.0,2.0,0.0,3.0,31.0,3.0,0.0,0.0,3.0,2.0,208.0,0.0,0.0,0.953488372,0.555555556,2.0,5.0,68.33333333,1.0,0.6667,0
1.0,1.0,0.0,5.0,1.0,0.0,4.0,0.0,1.0,2.0,1.0,0.0,0.0,0.0,1.0,0.0,0.0,0.0,1.0,1.0,0
6.0,2.0,0.0,1.0,25.0,15.0,0.0,0.0,5.0,2.0,101.0,0.0,0.0,0.6875,0.416666667,1.0,1.0,15.83333333,6.0,1.6667,0
2.0,1.0,0.0,3.0,14.0,1.0,0.0,0.0,2.0,2.0,245.0,0.0,0.0,0.0,0.75,0.0,0.0,121.5,4.0,2.0,0
3.0,3.0,0.0,5.0,8.0,3.0,2.0,0.0,3.0,2.0,44.0,0.0,0.0,0.951219512,0.666666667,0.0,0.0,13.66666667,1.0,0.6667,0
4.0,1.0,0.0,1.0,9.0,2.0,1.0,0.0,2.0,0.666666667,395.0,1.0,0.0,0.0,0.5,0.0,0.0,97.25,1.0,0.5,0
11.0,1.0,0.0,13.0,11.0,55.0,11.0,0.0,11.0,2.0,11.0,0.0,0.0,0.0,0.290909091,0.0,0.0,0.0,1.0,1.0,0
2.0,2.0,0.0,2.0,4.0,1.0,0.0,0.0,1.0,1.0,9.0,1.0,0.0,1.0,1.0,0.0,0.0,3.0,0.0,0.0,0
31.0,1.0,1.0,20.0,72.0,249.0,5.0,0.0,30.0,0.856862745,826.0,1.0,5.0,0.0,0.14,0.0,0.0,25.09677419,12.0,1.6774,0
12.0,1.0,0.0,2.0,41.0,20.0,1.0,0.0,9.0,0.87012987,354.0,0.571428571,0.0,0.0,0.375,0.0,0.0,27.91666667,4.0,1.75,0
12.0,1.0,0.0,9.0,18.0,54.0,2.0,0.0,12.0,0.727272727,60.0,1.0,1.0,0.0,0.226190476,0.0,0.0,3.916666667,1.0,0.9167,0
2.0,1.0,0.0,0.0,8.0,1.0,0.0,0.0,1.0,1.0,28.0,1.0,0.0,0.0,1.0,0.0,0.0,12.5,0.0,0.0,0
12.0,3.0,0.0,3.0,33.0,0.0,2.0,0.0,12.0,0.838383838,241.0,1.0,4.0,0.760869565,0.285714286,2.0,3.0,18.33333333,3.0,1.75,0
27.0,1.0,0.0,21.0,27.0,351.0,18.0,0.0,27.0,2.0,27.0,0.0,0.0,0.0,1.0,0.0,0.0,0.0,1.0,1.0,0
13.0,1.0,0.0,2.0,52.0,30.0,1.0,0.0,9.0,0.683333333,764.0,1.0,0.0,0.0,0.263888889,0.0,0.0,57.38461538,18.0,3.8462,0
5.0,1.0,2.0,0.0,6.0,10.0,0.0,0.0,5.0,2.0,8.0,0.0,0.0,0.0,0.6,1.0,1.0,0.6,1.0,0.8,0
12.0,1.0,0.0,8.0,23.0,0.0,4.0,0.0,12.0,0.136363636,543.0,1.0,2.0,0.0,0.398148148,0.0,0.0,44.08333333,6.0,2.75,0
3.0,1.0,0.0,3.0,5.0,1.0,3.0,0.0,2.0,0.5,128.0,1.0,0.0,0.0,0.75,0.0,0.0,41.33333333,3.0,1.0,0
4.0,5.0,0.0,2.0,13.0,0.0,0.0,0.0,4.0,0.0,58.0,1.0,0.0,0.957746479,0.625,1.0,1.0,13.25,1.0,0.75,0
33.0,1.0,31.0,79.0,44.0,424.0,76.0,0.0,29.0,0.9125,392.0,1.0,5.0,0.0,0.22265625,0.0,0.0,10.42424242,6.0,1.2121,1
4.0,3.0,0.0,3.0,8.0,6.0,1.0,0.0,4.0,0.333333333,38.0,1.0,0.0,0.928571429,0.583333333,0.0,0.0,8.25,2.0,1.0,0
18.0,2.0,0.0,9.0,34.0,77.0,0.0,0.0,18.0,0.849673203,233.0,1.0,2.0,0.540540541,0.277777778,0.0,0.0,11.44444444,1.0,0.9444,0
1.0,1.0,0.0,12.0,1.0,0.0,10.0,0.0,1.0,2.0,1.0,0.0,0.0,0.0,1.0,0.0,0.0,0.0,1.0,1.0,0
10.0,1.0,0.0,3.0,11.0,45.0,2.0,0.0,9.0,1.0,17.0,0.0,0.0,0.0,0.333333333,0.0,0.0,0.6,1.0,0.8,0
20.0,1.0,0.0,2.0,29.0,92.0,2.0,0.0,19.0,0.822368421,336.0,1.0,0.0,0.0,0.375,0.0,0.0,15.4,10.0,1.7,0
2.0,2.0,0.0,2.0,4.0,0.0,1.0,0.0,2.0,0.0,21.0,1.0,0.0,0.916666667,0.666666667,0.0,0.0,9.0,1.0,0.5,0
4.0,1.0,0.0,1.0,25.0,2.0,0.0,0.0,3.0,0.416666667,174.0,0.0,1.0,0.0,0.555555556,0.0,0.0,41.5,3.0,1.25,0
9.0,1.0,0.0,2.0,31.0,14.0,2.0,0.0,5.0,0.625,423.0,1.0,0.0,0.0,0.3125,0.0,0.0,45.77777778,13.0,2.6667,0
3.0,2.0,0.0,7.0,12.0,1.0,2.0,0.0,3.0,0.0,270.0,1.0,0.0,0.666666667,0.555555556,1.0,1.0,88.66666667,1.0,0.3333,0
4.0,5.0,1.0,0.0,8.0,6.0,0.0,0.0,4.0,2.0,20.0,0.0,0.0,1.0,0.666666667,0.0,0.0,4.0,0.0,0.0,0
4.0,1.0,0.0,5.0,16.0,4.0,1.0,0.0,2.0,0.666666667,96.0,0.0,0.0,0.0,0.444444444,0.0,0.0,22.75,5.0,1.5,0
2.0,2.0,0.0,3.0,10.0,1.0,0.0,0.0,2.0,2.0,38.0,0.0,0.0,0.976190476,0.75,1.0,1.0,18.0,1.0,0.5,0
16.0,1.0,0.0,23.0,98.0,54.0,3.0,0.0,4.0,0.607017544,1347.0,1.0,10.0,0.0,0.342857143,0.0,0.0,82.0,16.0,3.125,1
22.0,1.0,0.0,25.0,158.0,65.0,3.0,0.0,12.0,0.806239737,1864.0,1.0,11.0,0.0,0.134920635,0.0,0.0,82.40909091,20.0,3.0,0
2.0,4.0,0.0,5.0,5.0,1.0,1.0,0.0,2.0,2.0,24.0,0.0,0.0,0.975609756,0.666666667,0.0,0.0,11.0,1.0,0.5,0
2.0,3.0,0.0,2.0,4.0,1.0,2.0,0.0,2.0,2.0,11.0,0.0,0.0,1.0,1.0,0.0,0.0,4.5,0.0,0.0,0
25.0,1.0,0.0,0.0,25.0,300.0,0.0,0.0,25.0,1.041666667,29.0,0.0,0.0,0.0,0.413333333,0.0,0.0,0.0,1.0,1.0,0
11.0,1.0,0.0,3.0,14.0,37.0,0.0,0.0,10.0,0.75,55.0,1.0,1.0,0.0,0.431818182,0.0,0.0,3.818181818,3.0,1.0909,0
3.0,2.0,1.0,0.0,5.0,1.0,0.0,0.0,3.0,0.5,18.0,1.0,1.0,0.5,0.555555556,0.0,0.0,4.666666667,1.0,0.6667,0
15.0,1.0,0.0,6.0,59.0,0.0,1.0,0.0,8.0,0.464285714,915.0,1.0,2.0,0.0,0.285714286,0.0,0.0,59.6,20.0,2.3333,0
19.0,1.0,0.0,9.0,34.0,83.0,8.0,0.0,18.0,0.824074074,523.0,1.0,1.0,0.0,0.394736842,0.0,0.0,26.21052632,17.0,3.4211,0
41.0,1.0,0.0,3.0,42.0,820.0,1.0,0.0,41.0,1.025,113.0,0.0,0.0,0.0,0.209756098,0.0,0.0,0.073170732,1.0,0.9756,0
3.0,1.0,0.0,5.0,17.0,0.0,1.0,0.0,2.0,0.6,113.0,1.0,2.0,0.0,0.625,0.0,0.0,35.0,1.0,0.3333,0
1.0,1.0,0.0,0.0,2.0,0.0,0.0,0.0,1.0,2.0,5.0,0.0,0.0,0.0,1.0,0.0,0.0,3.0,0.0,0.0,0
2.0,1.0,0.0,3.0,12.0,1.0,1.0,0.0,2.0,2.0,55.0,0.0,0.0,0.0,0.6,0.0,0.0,26.5,4.0,2.0,0
5.0,1.0,0.0,16.0,32.0,0.0,5.0,0.0,2.0,0.666666667,172.0,1.0,2.0,0.0,0.342857143,0.0,0.0,32.2,2.0,1.0,0
10.0,3.0,0.0,1.0,15.0,21.0,1.0,0.0,6.0,0.844444444,77.0,1.0,0.0,0.863636364,0.5,0.0,0.0,6.2,1.0,0.9,0
5.0,1.0,0.0,0.0,6.0,2.0,0.0,0.0,5.0,0.964285714,39.0,0.571428571,0.0,0.0,0.4,0.0,0.0,5.4,1.0,0.8,0
1.0,1.0,0.0,0.0,1.0,0.0,0.0,0.0,1.0,2.0,1.0,0.0,0.0,0.0,1.0,0.0,0.0,0.0,1.0,1.0,0
6.0,3.0,0.0,13.0,7.0,11.0,13.0,0.0,5.0,0.8,24.0,1.0,0.0,0.772727273,0.333333333,0.0,0.0,2.666666667,1.0,0.8333,0
2.0,2.0,0.0,10.0,15.0,0.0,1.0,0.0,2.0,1.5,55.0,1.0,0.0,0.5,0.666666667,0.0,0.0,24.5,1.0,0.5,0
14.0,1.0,0.0,1.0,15.0,91.0,0.0,0.0,14.0,2.0,17.0,0.0,0.0,0.0,0.328571429,0.0,0.0,0.214285714,1.0,0.9286,0
2.0,4.0,0.0,4.0,5.0,1.0,1.0,0.0,2.0,2.0,36.0,0.0,0.0,0.975609756,0.666666667,1.0,1.0,17.0,1.0,0.5,0
2.0,1.0,0.0,3.0,11.0,1.0,0.0,0.0,2.0,2.0,50.0,0.0,0.0,0.0,0.75,0.0,0.0,24.0,2.0,1.0,0
11.0,3.0,0.0,4.0,27.0,55.0,0.0,0.0,8.0,2.0,145.0,0.0,0.0,0.727272727,0.375,1.0,1.0,12.18181818,1.0,0.8182,0
2.0,1.0,0.0,15.0,2.0,1.0,15.0,0.0,2.0,2.0,2.0,0.0,0.0,0.0,0.75,0.0,0.0,0.0,1.0,1.0,0
5.0,2.0,0.0,5.0,19.0,6.0,0.0,0.0,3.0,0.625,396.0,1.0,0.0,0.625,0.4375,0.0,0.0,77.8,2.0,0.8,0
2.0,1.0,0.0,3.0,14.0,1.0,1.0,0.0,2.0,2.0,67.0,0.0,0.0,0.0,0.6,0.0,0.0,32.5,5.0,2.5,0
57.0,1.0,0.0,42.0,187.0,0.0,1.0,0.0,2.0,0.68877551,4114.0,1.0,6.0,0.0,0.224561404,0.0,0.0,70.92982456,22.0,1.7719,1
20.0,1.0,1.0,3.0,50.0,134.0,1.0,0.0,12.0,0.837320574,342.0,1.0,1.0,0.0,0.280701754,0.0,0.0,15.55,4.0,1.2,0
15.0,1.0,0.0,0.0,15.0,105.0,0.0,0.0,15.0,2.0,15.0,0.0,0.0,0.0,0.333333333,0.0,0.0,0.0,1.0,1.0,0
2.0,1.0,0.0,1.0,14.0,1.0,0.0,0.0,2.0,2.0,104.0,0.0,0.0,0.0,0.6,0.0,0.0,51.0,1.0,0.5,0
61.0,3.0,0.0,28.0,162.0,1454.0,14.0,0.0,32.0,0.854761905,1494.0,1.0,12.0,0.344444444,0.140625,1.0,1.0,23.14754098,8.0,1.8361,1
8.0,2.0,0.0,3.0,32.0,0.0,3.0,0.0,7.0,0.428571429,195.0,0.5,2.0,0.538461538,0.714285714,0.0,0.0,23.125,2.0,0.875,0
56.0,1.0,0.0,65.0,77.0,332.0,61.0,0.0,53.0,0.778512397,1397.0,0.909090909,2.0,0.0,0.148809524,0.0,0.0,23.75,11.0,2.3214,0
9.0,2.0,0.0,0.0,37.0,22.0,0.0,0.0,8.0,0.75,211.0,1.0,0.0,0.538461538,0.65625,2.0,2.0,22.22222222,3.0,1.0,0
7.0,1.0,0.0,16.0,48.0,21.0,4.0,0.0,4.0,1.083333333,286.0,0.5,0.0,0.0,0.196428571,0.0,0.0,39.57142857,1.0,0.8571,0
32.0,1.0,0.0,9.0,61.0,432.0,1.0,0.0,32.0,0.965352449,887.0,0.962962963,3.0,0.0,0.197916667,0.0,0.0,25.875,3.0,1.0313,1
20.0,2.0,19.0,25.0,31.0,160.0,19.0,0.0,20.0,0.842105263,219.0,1.0,2.0,0.512820513,0.216666667,1.0,1.0,9.75,4.0,1.3,0
5.0,1.0,0.0,11.0,37.0,8.0,6.0,0.0,3.0,0.5,183.0,0.0,0.0,0.0,0.416666667,0.0,0.0,35.0,7.0,1.8,0
21.0,1.0,0.0,9.0,98.0,148.0,3.0,0.0,9.0,0.735714286,1367.0,1.0,3.0,0.0,0.275132275,0.0,0.0,63.76190476,54.0,4.2381,1
9.0,1.0,1.0,2.0,13.0,6.0,2.0,0.0,9.0,0.125,141.0,0.0,0.0,0.0,0.4,0.0,0.0,14.33333333,5.0,1.6667,0
8.0,1.0,0.0,7.0,15.0,16.0,2.0,0.0,7.0,0.880952381,171.0,1.0,4.0,0.0,0.392857143,0.0,0.0,19.625,1.0,0.75,0
1.0,1.0,0.0,2.0,2.0,0.0,2.0,0.0,1.0,2.0,21.0,0.0,0.0,0.0,1.0,0.0,0.0,3.0,0.0,0.0,0
1.0,1.0,0.0,0.0,1.0,0.0,0.0,0.0,1.0,2.0,1.0,0.0,0.0,0.0,1.0,0.0,0.0,0.0,1.0,1.0,0
8.0,2.0,0.0,3.0,15.0,0.0,2.0,0.0,8.0,0.571428571,125.0,1.0,0.0,0.631578947,0.6875,0.0,0.0,14.25,6.0,1.5,0
37.0,4.0,0.0,1.0,63.0,110.0,1.0,0.0,33.0,0.464285714,612.0,1.0,0.0,0.567901235,0.150462963,3.0,4.0,15.35135135,3.0,1.1351,0
7.0,1.0,0.0,1.0,11.0,7.0,1.0,0.0,6.0,0.5,39.0,1.0,0.0,0.0,0.571428571,0.0,0.0,4.285714286,1.0,0.8571,0
12.0,1.0,0.0,3.0,31.0,0.0,0.0,0.0,12.0,0.424242424,151.0,1.0,1.0,0.0,0.333333333,0.0,0.0,11.33333333,3.0,1.3333,0
14.0,2.0,0.0,5.0,47.0,9.0,0.0,0.0,4.0,0.855769231,583.0,0.5,0.0,0.720930233,0.519230769,2.0,4.0,40.07142857,7.0,2.0,0
4.0,1.0,0.0,6.0,17.0,4.0,5.0,0.0,3.0,0.666666667,133.0,0.2,1.0,0.0,0.333333333,0.0,0.0,31.0,10.0,4.5,0
5.0,2.0,0.0,1.0,11.0,0.0,1.0,0.0,5.0,0.625,39.0,1.0,0.0,0.333333333,0.4,0.0,0.0,6.4,1.0,0.8,0
6.0,2.0,0.0,3.0,12.0,3.0,2.0,0.0,4.0,0.5,115.0,0.0,0.0,0.642857143,0.458333333,1.0,2.0,17.5,1.0,0.8333,0
9.0,1.0,1.0,1.0,20.0,12.0,1.0,0.0,6.0,0.59375,214.0,0.5,1.0,0.0,0.270833333,0.0,0.0,22.33333333,5.0,1.7778,0
14.0,1.0,0.0,2.0,18.0,33.0,2.0,0.0,13.0,0.782051282,152.0,1.0,1.0,0.0,0.476190476,0.0,0.0,9.428571429,5.0,1.2143,0
8.0,1.0,0.0,4.0,28.0,16.0,2.0,0.0,3.0,0.714285714,140.0,1.0,0.0,0.0,0.214285714,0.0,0.0,16.25,7.0,1.5,0
25.0,2.0,0.0,7.0,73.0,144.0,0.0,0.0,8.0,0.913690476,1372.0,0.571428571,0.0,0.574074074,0.381944444,2.0,4.0,53.32,8.0,2.6,0
9.0,2.0,0.0,0.0,13.0,24.0,0.0,0.0,9.0,0.625,38.0,1.0,1.0,0.636363636,0.555555556,0.0,0.0,3.111111111,1.0,0.8889,0
23.0,1.0,0.0,1.0,27.0,181.0,1.0,0.0,22.0,0.97979798,3320.0,0.111111111,0.0,0.0,0.25,0.0,0.0,142.9565217,17.0,3.913,0
49.0,1.0,0.0,10.0,113.0,238.0,1.0,0.0,47.0,0.844551282,667.0,1.0,4.0,0.0,0.134469697,0.0,0.0,12.34693878,3.0,1.0408,0
14.0,1.0,0.0,8.0,47.0,89.0,3.0,0.0,9.0,1.0,530.0,1.0,0.0,0.0,0.213675214,0.0,0.0,36.71428571,13.0,2.5,0
2.0,1.0,0.0,1.0,17.0,1.0,0.0,0.0,2.0,2.0,134.0,0.0,0.0,0.0,0.6,0.0,0.0,66.0,1.0,0.5,0
47.0,1.0,0.0,8.0,133.0,583.0,1.0,0.0,36.0,0.883022774,1448.0,0.238095238,2.0,0.0,0.154589372,0.0,0.0,29.36170213,10.0,1.9149,1
6.0,1.0,0.0,3.0,27.0,9.0,1.0,0.0,2.0,0.771428571,140.0,1.0,0.0,0.0,0.25,0.0,0.0,21.16666667,1.0,0.6667,0
2.0,3.0,0.0,3.0,3.0,1.0,1.0,0.0,2.0,2.0,9.0,0.0,0.0,0.975,0.666666667,0.0,0.0,3.5,1.0,0.5,0
1.0,6.0,0.0,1.0,7.0,0.0,1.0,0.0,1.0,2.0,17.0,0.0,0.0,1.0,1.0,0.0,0.0,16.0,0.0,0.0,0
15.0,1.0,0.0,31.0,15.0,105.0,30.0,0.0,15.0,2.0,15.0,0.0,0.0,0.0,0.25,0.0,0.0,0.0,1.0,1.0,0
6.0,1.0,0.0,0.0,7.0,15.0,0.0,0.0,6.0,2.0,9.0,0.0,0.0,0.0,0.333333333,0.0,0.0,0.5,1.0,0.8333,0
3.0,2.0,0.0,0.0,4.0,0.0,0.0,0.0,3.0,0.75,35.0,1.0,3.0,0.5,0.5,0.0,0.0,9.333333333,1.0,0.6667,0
7.0,1.0,0.0,2.0,19.0,11.0,0.0,0.0,4.0,1.027777778,1730.0,0.916666667,0.0,0.0,0.291666667,0.0,0.0,244.4285714,6.0,3.4286,0
29.0,1.0,0.0,0.0,29.0,406.0,0.0,0.0,29.0,2.0,29.0,0.0,0.0,0.0,0.436781609,0.0,0.0,0.0,1.0,1.0,0
30.0,2.0,5.0,25.0,110.0,281.0,5.0,0.0,22.0,0.902298851,929.0,1.0,4.0,0.416666667,0.175862069,1.0,1.0,29.36666667,10.0,1.7333,1
9.0,3.0,0.0,7.0,26.0,0.0,2.0,0.0,9.0,0.25,211.0,1.0,0.0,0.829787234,0.388888889,2.0,3.0,22.22222222,2.0,1.0,0
17.0,1.0,0.0,0.0,17.0,136.0,0.0,0.0,17.0,2.0,17.0,0.0,0.0,0.0,0.382352941,0.0,0.0,0.0,1.0,1.0,0
2.0,1.0,0.0,2.0,3.0,1.0,2.0,0.0,1.0,1.911764706,93.0,0.0,0.0,0.0,1.0,0.0,0.0,28.5,0.0,0.0,0
8.0,5.0,0.0,2.0,16.0,0.0,0.0,0.0,8.0,0.571428571,107.0,1.0,0.0,0.906666667,0.6875,1.0,1.0,12.0,1.0,0.875,0
33.0,1.0,0.0,3.0,74.0,0.0,2.0,0.0,26.0,0.604166667,764.0,1.0,1.0,0.0,0.232323232,0.0,0.0,22.06060606,4.0,1.6667,0
8.0,1.0,0.0,5.0,38.0,6.0,4.0,0.0,8.0,0.514285714,401.0,1.0,0.0,0.0,0.541666667,0.0,0.0,48.5,12.0,3.5,0
12.0,2.0,0.0,6.0,78.0,36.0,4.0,0.0,7.0,0.363636364,663.0,1.0,0.0,0.765957447,0.35,1.0,10.0,54.08333333,12.0,3.0,1
2.0,1.0,0.0,4.0,14.0,1.0,1.0,0.0,2.0,2.0,81.0,0.0,0.0,0.0,0.6,0.0,0.0,39.5,1.0,0.5,0
8.0,1.0,1.0,0.0,9.0,22.0,0.0,0.0,7.0,0.714285714,20.0,1.0,1.0,0.0,0.2,0.0,0.0,1.375,1.0,0.75,0
20.0,1.0,1.0,0.0,25.0,108.0,0.0,0.0,20.0,0.898026316,229.0,0.75,4.0,0.0,0.25,0.0,0.0,9.65,2.0,1.0,0
6.0,2.0,0.0,1.0,11.0,15.0,1.0,0.0,5.0,2.0,31.0,0.0,0.0,0.615384615,0.4,0.0,0.0,4.166666667,1.0,0.8333,0
9.0,1.0,3.0,12.0,16.0,34.0,12.0,0.0,8.0,0.9375,48.0,1.0,1.0,0.0,0.26984127,0.0,0.0,4.111111111,3.0,1.2222,0
2.0,1.0,0.0,2.0,5.0,1.0,0.0,0.0,2.0,2.0,11.0,0.0,0.0,0.0,0.75,0.0,0.0,4.5,1.0,0.5,0
8.0,1.0,0.0,8.0,26.0,20.0,3.0,0.0,4.0,0.428571429,134.0,1.0,1.0,0.0,0.171428571,0.0,0.0,15.5,4.0,1.375,0
2.0,2.0,1.0,0.0,4.0,1.0,0.0,0.0,2.0,2.0,10.0,0.0,0.0,0.666666667,0.75,0.0,0.0,4.0,1.0,0.5,0
6.0,1.0,0.0,0.0,7.0,15.0,0.0,0.0,6.0,2.0,9.0,0.0,0.0,0.0,0.333333333,0.0,0.0,0.5,1.0,0.8333,0
4.0,2.0,0.0,2.0,12.0,0.0,1.0,0.0,4.0,0.0,105.0,1.0,0.0,0.846153846,0.55,0.0,0.0,24.5,1.0,0.5,0
2.0,2.0,0.0,4.0,7.0,1.0,1.0,0.0,2.0,2.0,39.0,0.0,0.0,0.916666667,0.666666667,0.0,0.0,18.5,1.0,0.5,0
1.0,1.0,0.0,0.0,1.0,0.0,0.0,0.0,1.0,2.0,1.0,0.0,0.0,0.0,1.0,0.0,0.0,0.0,1.0,1.0,0
2.0,1.0,6.0,0.0,3.0,1.0,0.0,0.0,2.0,2.0,5.0,0.0,0.0,0.0,0.75,0.0,0.0,1.5,1.0,0.5,0
4.0,2.0,0.0,2.0,10.0,2.0,1.0,0.0,4.0,0.666666667,50.0,1.0,2.0,0.4,0.5,0.0,0.0,11.0,3.0,1.25,0
15.0,2.0,0.0,18.0,96.0,7.0,3.0,0.0,4.0,0.726190476,1603.0,1.0,4.0,0.461538462,0.248484848,1.0,1.0,105.4666667,23.0,3.9333,0
1.0,1.0,0.0,10.0,1.0,0.0,9.0,0.0,1.0,2.0,1.0,0.0,0.0,0.0,1.0,0.0,0.0,0.0,1.0,1.0,0
3.0,3.0,0.0,5.0,6.0,3.0,0.0,0.0,3.0,1.5,19.0,1.0,0.0,0.96,0.5,1.0,1.0,5.0,1.0,0.6667,0
10.0,1.0,0.0,1.0,11.0,45.0,1.0,0.0,8.0,1.072222222,55.0,0.35,0.0,0.0,0.203703704,0.0,0.0,2.5,1.0,0.8,0
4.0,3.0,0.0,0.0,28.0,0.0,0.0,0.0,4.0,0.25,404.0,0.0,0.0,0.928571429,0.3125,1.0,3.0,99.0,6.0,2.75,0
67.0,1.0,2.0,6.0,82.0,2141.0,4.0,0.0,67.0,0.956709957,373.0,1.0,1.0,0.0,0.200248756,0.0,0.0,4.462686567,2.0,0.9851,0
1.0,1.0,0.0,0.0,2.0,0.0,0.0,0.0,1.0,2.0,33.0,0.0,0.0,0.0,1.0,0.0,0.0,3.0,0.0,0.0,0
15.0,2.0,0.0,3.0,16.0,0.0,2.0,0.0,15.0,0.806722689,385.0,0.411764706,5.0,0.222222222,0.425,0.0,0.0,23.53333333,1.0,0.4667,0
2.0,2.0,0.0,5.0,8.0,1.0,1.0,0.0,2.0,2.0,24.0,0.0,0.0,0.916666667,0.666666667,0.0,0.0,11.0,1.0,0.5,0
9.0,1.0,0.0,5.0,16.0,0.0,4.0,0.0,9.0,0.583333333,99.0,1.0,0.0,0.0,0.481481481,0.0,0.0,9.666666667,2.0,1.0,0
7.0,1.0,0.0,0.0,10.0,17.0,0.0,0.0,6.0,0.833333333,47.0,1.0,2.0,0.0,0.555555556,0.0,0.0,5.428571429,2.0,0.8571,0
2.0,1.0,0.0,2.0,11.0,1.0,0.0,0.0,2.0,2.0,39.0,0.0,0.0,0.0,0.75,0.0,0.0,18.5,3.0,1.5,0
22.0,1.0,0.0,40.0,55.0,219.0,30.0,0.0,20.0,0.19047619,474.0,1.0,1.0,0.0,0.252066116,0.0,0.0,20.45454545,1.0,0.9545,1
9.0,2.0,0.0,2.0,20.0,0.0,1.0,0.0,9.0,0.708333333,112.0,0.666666667,0.0,0.555555556,0.333333333,1.0,2.0,11.11111111,1.0,0.8889,0
4.0,3.0,0.0,0.0,28.0,0.0,0.0,0.0,4.0,0.25,404.0,1.0,0.0,0.928571429,0.3125,1.0,3.0,99.0,6.0,2.75,0
1.0,1.0,0.0,35.0,1.0,0.0,34.0,0.0,1.0,2.0,1.0,0.0,0.0,0.0,1.0,0.0,0.0,0.0,1.0,1.0,0
35.0,1.0,0.0,31.0,87.0,493.0,18.0,0.0,33.0,0.966751918,573.0,0.695652174,7.0,0.0,0.142156863,0.0,0.0,14.71428571,21.0,1.5714,0
12.0,1.0,0.0,16.0,73.0,0.0,2.0,0.0,10.0,0.603305785,616.0,1.0,5.0,0.0,0.287878788,0.0,0.0,49.41666667,3.0,1.0,0
4.0,4.0,0.0,0.0,8.0,6.0,0.0,0.0,4.0,2.0,20.0,0.0,0.0,1.0,0.666666667,0.0,0.0,4.0,0.0,0.0,0
4.0,1.0,0.0,3.0,4.0,6.0,3.0,0.0,4.0,2.0,4.0,0.0,0.0,0.0,0.5,0.0,0.0,0.0,1.0,1.0,0
16.0,1.0,0.0,11.0,29.0,0.0,10.0,0.0,15.0,0.633333333,243.0,0.5,0.0,0.0,0.238095238,0.0,0.0,13.8125,7.0,1.5625,0
14.0,1.0,2.0,14.0,45.0,33.0,3.0,0.0,13.0,0.78021978,293.0,1.0,3.0,0.0,0.346153846,0.0,0.0,19.42857143,8.0,1.3571,0
2.0,2.0,0.0,0.0,4.0,1.0,0.0,0.0,2.0,2.0,10.0,0.0,0.0,0.666666667,0.75,0.0,0.0,4.0,1.0,0.5,0
18.0,1.0,0.0,9.0,43.0,29.0,2.0,0.0,16.0,0.735294118,1050.0,1.0,6.0,0.0,0.218487395,0.0,0.0,56.33333333,4.0,1.0556,0
17.0,1.0,0.0,12.0,49.0,50.0,3.0,0.0,12.0,0.75,287.0,1.0,2.0,0.0,0.479166667,0.0,0.0,15.41176471,5.0,1.4706,0
11.0,1.0,0.0,12.0,11.0,55.0,10.0,0.0,11.0,2.0,11.0,0.0,0.0,0.0,0.309090909,0.0,0.0,0.0,1.0,1.0,0
23.0,1.0,1.0,19.0,36.0,253.0,17.0,0.0,22.0,2.0,128.0,0.0,0.0,0.0,0.246376812,0.0,0.0,4.565217391,6.0,1.2174,0
31.0,1.0,0.0,22.0,31.0,465.0,20.0,0.0,31.0,2.0,31.0,0.0,0.0,0.0,0.221198157,0.0,0.0,0.0,1.0,1.0,0
17.0,2.0,3.0,16.0,76.0,40.0,3.0,0.0,12.0,0.847222222,586.0,0.555555556,1.0,0.615384615,0.302083333,1.0,1.0,32.94117647,6.0,1.3529,0
8.0,1.0,0.0,0.0,9.0,28.0,0.0,0.0,8.0,1.142857143,45.0,0.0,0.0,0.0,0.285714286,0.0,0.0,0.375,1.0,0.875,0
8.0,1.0,0.0,5.0,8.0,28.0,5.0,0.0,8.0,2.0,8.0,0.0,0.0,0.0,0.475,0.0,0.0,0.0,1.0,1.0,0
6.0,1.0,0.0,0.0,6.0,15.0,0.0,0.0,6.0,1.2,10.0,0.0,0.0,0.0,0.444444444,0.0,0.0,0.0,1.0,1.0,0
50.0,1.0,6.0,29.0,164.0,909.0,6.0,0.0,41.0,0.927240461,2168.0,1.0,5.0,0.0,0.090225564,0.0,0.0,41.9,62.0,3.04,0
23.0,2.0,0.0,19.0,112.0,115.0,4.0,0.0,19.0,0.875,954.0,1.0,1.0,0.761363636,0.227272727,1.0,5.0,40.13043478,6.0,1.4783,0
5.0,3.0,0.0,3.0,21.0,0.0,2.0,0.0,4.0,0.55,387.0,0.4,1.0,0.894736842,0.4,1.0,1.0,75.4,14.0,4.8,0
2.0,1.0,0.0,0.0,2.0,1.0,0.0,0.0,2.0,2.0,2.0,0.0,0.0,0.0,1.0,0.0,0.0,0.0,1.0,1.0,0
30.0,2.0,0.0,10.0,61.0,383.0,5.0,0.0,29.0,0.89968652,301.0,0.090909091,1.0,0.461538462,0.261083744,0.0,0.0,8.666666667,2.0,1.0333,0
22.0,1.0,1.0,9.0,83.0,225.0,7.0,0.0,19.0,0.880952381,995.0,1.0,1.0,0.0,0.198412698,1.0,1.0,44.13636364,23.0,3.4091,1
10.0,1.0,0.0,0.0,11.0,45.0,0.0,0.0,10.0,2.0,13.0,0.0,0.0,0.0,0.375,0.0,0.0,0.3,1.0,0.9,0
8.0,1.0,0.0,8.0,16.0,16.0,8.0,0.0,8.0,0.0,79.0,1.0,0.0,0.0,0.425,0.0,0.0,8.75,1.0,0.25,0
18.0,1.0,0.0,8.0,70.0,109.0,5.0,0.0,15.0,0.860294118,646.0,0.125,0.0,0.0,0.225490196,0.0,0.0,34.44444444,5.0,2.0,0
4.0,2.0,0.0,6.0,8.0,6.0,0.0,0.0,4.0,2.0,22.0,0.0,0.0,0.625,0.625,0.0,0.0,4.5,1.0,0.75,0
11.0,1.0,0.0,6.0,33.0,25.0,0.0,0.0,10.0,0.844444444,323.0,0.333333333,4.0,0.0,0.3,0.0,0.0,27.54545455,11.0,2.0909,0
10.0,3.0,0.0,6.0,66.0,23.0,0.0,0.0,9.0,0.472222222,745.0,1.0,3.0,0.75,0.5,2.0,5.0,73.1,2.0,0.9,0
5.0,1.0,0.0,0.0,5.0,10.0,0.0,0.0,5.0,2.0,5.0,0.0,0.0,0.0,0.4,0.0,0.0,0.0,1.0,1.0,0
3.0,2.0,0.0,7.0,19.0,0.0,0.0,0.0,3.0,0.833333333,108.0,0.666666667,1.0,0.923076923,0.555555556,0.0,0.0,34.0,1.0,0.6667,0
8.0,1.0,0.0,0.0,14.0,0.0,0.0,0.0,7.0,0.571428571,95.0,0.5,0.0,0.0,0.371428571,0.0,0.0,10.625,2.0,0.75,0
4.0,1.0,0.0,1.0,9.0,0.0,1.0,0.0,0.0,0.5,32.0,1.0,0.0,0.0,1.0,0.0,0.0,6.5,1.0,0.75,0
17.0,1.0,0.0,12.0,17.0,136.0,10.0,0.0,17.0,2.0,17.0,0.0,0.0,0.0,0.382352941,0.0,0.0,0.0,1.0,1.0,0
13.0,1.0,0.0,11.0,75.0,48.0,5.0,0.0,5.0,0.881944444,876.0,0.75,1.0,0.0,0.273809524,0.0,0.0,65.46153846,4.0,1.3077,0
31.0,1.0,0.0,16.0,74.0,157.0,4.0,0.0,23.0,0.795555556,865.0,1.0,7.0,0.0,0.17,0.0,0.0,26.41935484,7.0,1.7097,0
3.0,1.0,1.0,0.0,4.0,3.0,0.0,0.0,3.0,2.0,6.0,0.0,0.0,0.0,0.666666667,0.0,0.0,1.0,1.0,0.6667,0
2.0,2.0,0.0,5.0,19.0,0.0,1.0,0.0,2.0,0.0,116.0,1.0,0.0,0.916666667,0.833333333,0.0,0.0,56.5,1.0,0.5,0
2.0,1.0,0.0,6.0,7.0,1.0,1.0,0.0,1.0,2.0,17.0,0.0,0.0,0.0,0.5,0.0,0.0,7.5,1.0,0.5,0
4.0,1.0,0.0,1.0,10.0,0.0,1.0,0.0,1.0,1.296296296,142.0,0.037037037,0.0,0.0,0.444444444,0.0,0.0,27.75,2.0,0.75,0
1.0,1.0,0.0,0.0,2.0,0.0,0.0,0.0,1.0,2.0,5.0,0.0,0.0,0.0,1.0,0.0,0.0,3.0,0.0,0.0,0
3.0,3.0,0.0,4.0,7.0,3.0,1.0,0.0,3.0,1.5,17.0,1.0,0.0,0.933333333,0.555555556,1.0,1.0,4.333333333,1.0,0.6667,0
2.0,1.0,0.0,5.0,2.0,1.0,3.0,0.0,2.0,2.0,2.0,0.0,0.0,0.0,0.75,0.0,0.0,0.0,1.0,1.0,0
13.0,1.0,0.0,27.0,35.0,62.0,26.0,0.0,9.0,0.361111111,315.0,1.0,0.0,0.0,0.388888889,0.0,0.0,23.0,7.0,1.3846,0
1.0,1.0,0.0,0.0,1.0,0.0,0.0,0.0,1.0,2.0,1.0,0.0,0.0,0.0,1.0,0.0,0.0,0.0,1.0,1.0,0
81.0,1.0,0.0,17.0,212.0,2914.0,0.0,0.0,69.0,0.977083333,2334.0,0.988095238,5.0,0.0,0.184375,0.0,0.0,26.77777778,9.0,1.3457,1
3.0,1.0,0.0,18.0,4.0,1.0,18.0,0.0,1.0,0.952380952,134.0,0.0,20.0,0.0,0.75,0.0,0.0,36.66666667,1.0,0.3333,0
4.0,2.0,0.0,9.0,10.0,0.0,8.0,0.0,4.0,0.0,63.0,1.0,0.0,0.8,0.625,0.0,0.0,14.5,3.0,1.25,0
3.0,3.0,0.0,3.0,4.0,3.0,1.0,0.0,3.0,2.0,11.0,0.0,0.0,0.951219512,0.666666667,0.0,0.0,2.666666667,1.0,0.6667,0
2.0,1.0,0.0,0.0,4.0,1.0,0.0,0.0,1.0,1.916666667,24.0,0.0,0.0,0.0,1.0,0.0,0.0,5.0,0.0,0.0,0
30.0,1.0,0.0,26.0,30.0,435.0,25.0,0.0,30.0,1.034482759,34.0,0.0,0.0,0.0,0.162962963,0.0,0.0,0.0,1.0,1.0,0
4.0,2.0,0.0,4.0,22.0,0.0,1.0,0.0,4.0,0.0,141.0,1.0,0.0,0.846153846,0.5,2.0,2.0,33.75,1.0,0.5,0
74.0,1.0,0.0,59.0,210.0,1483.0,40.0,0.0,67.0,0.896575342,1597.0,1.0,11.0,0.0,0.12035225,0.0,0.0,20.31081081,19.0,2.4459,1
4.0,1.0,0.0,0.0,4.0,6.0,0.0,0.0,4.0,2.0,4.0,0.0,0.0,0.0,0.625,0.0,0.0,0.0,1.0,1.0,0
30.0,2.0,0.0,11.0,79.0,301.0,0.0,0.0,27.0,0.870344828,737.0,1.0,2.0,0.416666667,0.344827586,1.0,1.0,22.73333333,2.0,1.0,0
1.0,1.0,0.0,2.0,1.0,0.0,2.0,0.0,1.0,2.0,1.0,0.0,0.0,0.0,1.0,0.0,0.0,0.0,1.0,1.0,0
12.0,1.0,0.0,7.0,21.0,20.0,2.0,0.0,7.0,0.618181818,359.0,1.0,3.0,0.0,0.340909091,0.0,0.0,28.08333333,1.0,0.8333,0
10.0,3.0,0.0,3.0,24.0,0.0,0.0,0.0,10.0,0.333333333,149.0,1.0,1.0,0.428571429,0.225,1.0,1.0,13.7,1.0,0.8,0
13.0,5.0,0.0,2.0,25.0,44.0,0.0,0.0,11.0,0.816666667,164.0,1.0,0.0,0.891891892,0.423076923,1.0,1.0,11.23076923,1.0,0.9231,0
6.0,1.0,0.0,17.0,6.0,15.0,15.0,0.0,6.0,2.0,6.0,0.0,0.0,0.0,0.5,0.0,0.0,0.0,1.0,1.0,0
10.0,1.0,0.0,6.0,34.0,27.0,2.0,0.0,6.0,0.796296296,287.0,1.0,2.0,0.0,0.314814815,0.0,0.0,27.1,4.0,1.2,0
6.0,1.0,0.0,0.0,7.0,5.0,0.0,0.0,6.0,0.8,44.0,1.0,0.0,0.0,0.375,0.0,0.0,5.5,1.0,0.8333,0
7.0,1.0,0.0,1.0,13.0,0.0,1.0,0.0,7.0,0.5,50.0,1.0,0.0,0.0,0.5,0.0,0.0,5.857142857,1.0,0.8571,0
19.0,1.0,0.0,0.0,33.0,141.0,0.0,0.0,17.0,0.949494949,201.0,1.0,0.0,0.0,0.375,0.0,0.0,9.0,5.0,1.1053,0
4.0,1.0,0.0,2.0,10.0,0.0,0.0,0.0,2.0,0.266666667,83.0,0.0,2.0,0.0,0.4375,0.0,0.0,18.5,3.0,1.5,0
1.0,1.0,0.0,1.0,2.0,0.0,1.0,0.0,0.0,2.0,32.0,0.0,0.0,0.0,1.0,0.0,0.0,27.0,0.0,0.0,0
2.0,1.0,0.0,2.0,11.0,1.0,0.0,0.0,2.0,2.0,124.0,0.0,0.0,0.0,0.75,0.0,0.0,61.0,3.0,1.5,0
19.0,3.0,0.0,18.0,81.0,93.0,2.0,0.0,16.0,0.931372549,711.0,0.058823529,2.0,0.696428571,0.314814815,2.0,6.0,35.52631579,6.0,1.5789,0
46.0,1.0,0.0,33.0,78.0,787.0,28.0,0.0,44.0,0.903703704,696.0,0.944444444,4.0,0.0,0.117948718,0.0,0.0,13.73913043,18.0,1.8478,0
4.0,1.0,0.0,4.0,7.0,0.0,1.0,0.0,4.0,0.5,47.0,1.0,2.0,0.0,0.4375,0.0,0.0,10.25,2.0,1.0,0
6.0,1.0,0.0,0.0,39.0,13.0,0.0,0.0,4.0,1.0,312.0,1.0,0.0,0.0,0.233333333,0.0,0.0,50.66666667,6.0,3.5,0
6.0,1.0,0.0,12.0,6.0,15.0,9.0,0.0,6.0,2.0,6.0,0.0,0.0,0.0,0.416666667,0.0,0.0,0.0,1.0,1.0,0
2.0,1.0,0.0,3.0,14.0,1.0,0.0,0.0,2.0,2.0,577.0,0.0,0.0,0.0,0.75,0.0,0.0,287.5,6.0,3.0,0
12.0,1.0,0.0,16.0,40.0,42.0,12.0,0.0,8.0,0.958041958,379.0,1.0,1.0,0.0,0.263636364,0.0,0.0,29.5,9.0,1.6667,0
2.0,4.0,0.0,4.0,6.0,1.0,1.0,0.0,2.0,2.0,29.0,0.0,0.0,0.975609756,0.666666667,1.0,1.0,13.5,1.0,0.5,0
13.0,1.0,2.0,0.0,19.0,72.0,0.0,0.0,12.0,0.966666667,157.0,1.0,3.0,0.0,0.653846154,0.0,0.0,10.30769231,5.0,1.8462,0
1.0,1.0,0.0,0.0,2.0,0.0,0.0,0.0,1.0,2.0,5.0,0.0,0.0,0.0,1.0,0.0,0.0,3.0,0.0,0.0,0
7.0,1.0,0.0,5.0,16.0,13.0,3.0,0.0,6.0,1.075757576,747.0,1.0,0.0,0.0,0.194444444,0.0,0.0,104.1428571,11.0,4.0,0
43.0,1.0,0.0,17.0,159.0,567.0,3.0,0.0,24.0,0.774603175,2409.0,1.0,3.0,0.0,0.223214286,0.0,0.0,54.6744186,22.0,3.8372,0
14.0,2.0,0.0,5.0,51.0,25.0,0.0,0.0,3.0,0.901098901,555.0,0.428571429,0.0,0.720930233,0.519230769,1.0,4.0,38.14285714,7.0,2.1429,0
3.0,1.0,0.0,3.0,11.0,3.0,2.0,0.0,3.0,2.0,71.0,0.0,0.0,0.0,0.333333333,0.0,0.0,22.66666667,8.0,3.6667,0
14.0,2.0,1.0,14.0,56.0,41.0,3.0,0.0,7.0,0.888888889,290.0,1.0,3.0,0.8,0.692307692,2.0,7.0,19.07142857,6.0,1.4286,1
10.0,1.0,0.0,6.0,21.0,3.0,2.0,0.0,9.0,0.777777778,142.0,1.0,2.0,0.0,0.361111111,0.0,0.0,12.7,1.0,0.8,0
4.0,3.0,0.0,2.0,5.0,4.0,1.0,0.0,3.0,1.0,16.0,1.0,0.0,0.981818182,1.0,2.0,2.0,2.5,1.0,0.5,0
36.0,1.0,0.0,21.0,136.0,260.0,4.0,0.0,27.0,0.868571429,1275.0,1.0,3.0,0.0,0.221428571,0.0,0.0,34.13888889,12.0,2.6111,1
10.0,1.0,0.0,10.0,43.0,0.0,3.0,0.0,6.0,0.481481481,257.0,1.0,3.0,0.0,0.35,0.0,0.0,24.4,3.0,1.3,0
4.0,1.0,0.0,0.0,5.0,0.0,0.0,0.0,4.0,0.666666667,28.0,1.0,0.0,0.0,0.4375,0.0,0.0,5.25,1.0,0.75,0
1.0,1.0,0.0,0.0,1.0,0.0,0.0,0.0,1.0,2.0,1.0,0.0,0.0,0.0,1.0,0.0,0.0,0.0,1.0,1.0,0
7.0,1.0,2.0,8.0,22.0,15.0,4.0,0.0,6.0,0.916666667,117.0,1.0,0.0,0.0,0.333333333,0.0,0.0,15.14285714,1.0,0.7143,0
31.0,1.0,0.0,18.0,50.0,255.0,15.0,0.0,30.0,0.912121212,259.0,0.636363636,3.0,0.0,0.220430108,0.0,0.0,7.0,3.0,1.0968,0
3.0,2.0,0.0,8.0,11.0,0.0,3.0,0.0,3.0,0.0,85.0,1.0,0.0,0.846153846,0.666666667,1.0,1.0,26.66666667,1.0,0.6667,0
2.0,1.0,0.0,0.0,2.0,1.0,0.0,0.0,2.0,2.0,2.0,0.0,0.0,0.0,1.0,0.0,0.0,0.0,1.0,1.0,0
16.0,1.0,1.0,0.0,17.0,120.0,0.0,0.0,16.0,2.0,23.0,0.0,0.0,0.0,0.3875,0.0,0.0,0.4375,1.0,0.9375,0
9.0,1.0,0.0,5.0,9.0,36.0,4.0,0.0,9.0,2.0,9.0,0.0,0.0,0.0,0.416666667,0.0,0.0,0.0,1.0,1.0,0
3.0,3.0,0.0,4.0,8.0,3.0,1.0,0.0,3.0,2.0,27.0,0.0,0.0,0.951219512,0.666666667,1.0,1.0,8.0,1.0,0.6667,0
7.0,1.0,0.0,7.0,9.0,7.0,7.0,0.0,7.0,0.7,55.0,1.0,0.0,0.0,0.464285714,0.0,0.0,6.142857143,1.0,0.7143,1
2.0,3.0,10.0,12.0,3.0,1.0,10.0,0.0,2.0,2.0,8.0,0.0,0.0,0.975,0.666666667,0.0,0.0,3.0,1.0,0.5,0
1.0,1.0,0.0,20.0,1.0,0.0,19.0,0.0,1.0,2.0,1.0,0.0,0.0,0.0,1.0,0.0,0.0,0.0,1.0,1.0,0
2.0,1.0,0.0,5.0,7.0,1.0,4.0,0.0,1.0,1.416666667,62.0,0.25,1.0,0.0,1.0,0.0,0.0,24.0,0.0,0.0,0
27.0,3.0,0.0,19.0,104.0,237.0,1.0,0.0,21.0,0.735576923,811.0,1.0,1.0,0.722222222,0.224358974,0.0,0.0,28.74074074,9.0,1.8889,0
1.0,1.0,0.0,3.0,2.0,0.0,3.0,0.0,0.0,2.0,16.0,0.0,0.0,0.0,1.0,0.0,0.0,12.0,0.0,0.0,0
23.0,1.0,0.0,9.0,48.0,193.0,5.0,0.0,21.0,0.90530303,429.0,0.916666667,5.0,0.0,0.272727273,0.0,0.0,17.13043478,10.0,2.2609,1
8.0,2.0,0.0,9.0,38.0,0.0,0.0,0.0,7.0,0.857142857,278.0,1.0,1.0,0.872340426,0.785714286,0.0,0.0,33.25,3.0,2.0,0
19.0,1.0,0.0,3.0,32.0,79.0,2.0,0.0,16.0,0.822222222,612.0,1.0,1.0,0.0,0.263157895,0.0,0.0,30.68421053,14.0,2.6316,0
2.0,1.0,0.0,2.0,13.0,1.0,0.0,0.0,2.0,2.0,100.0,0.0,0.0,0.0,0.75,0.0,0.0,49.0,6.0,3.0,0
30.0,2.0,0.0,11.0,66.0,311.0,1.0,0.0,18.0,0.876436782,640.0,1.0,1.0,0.631578947,0.439655172,2.0,7.0,19.93333333,7.0,1.8667,0
4.0,3.0,0.0,3.0,8.0,6.0,1.0,0.0,3.0,0.333333333,38.0,1.0,0.0,0.928571429,0.583333333,0.0,0.0,8.25,2.0,1.0,0
11.0,2.0,0.0,3.0,28.0,47.0,1.0,0.0,11.0,0.4,177.0,1.0,0.0,0.785714286,0.472727273,1.0,2.0,14.90909091,1.0,0.2727,0
23.0,1.0,0.0,7.0,38.0,155.0,5.0,0.0,19.0,0.704545455,316.0,1.0,1.0,0.0,0.227272727,0.0,0.0,12.47826087,4.0,1.2609,0
5.0,2.0,0.0,6.0,33.0,0.0,1.0,0.0,1.0,0.375,218.0,0.5,1.0,0.7,0.583333333,1.0,2.0,42.2,1.0,0.6,0
2.0,1.0,0.0,0.0,2.0,1.0,0.0,0.0,2.0,2.0,2.0,0.0,0.0,0.0,1.0,0.0,0.0,0.0,1.0,1.0,0
27.0,2.0,2.0,0.0,54.0,351.0,0.0,0.0,26.0,2.0,141.0,0.0,0.0,0.543859649,0.314814815,0.0,0.0,4.222222222,1.0,0.963,0
3.0,1.0,0.0,2.0,13.0,0.0,1.0,0.0,3.0,0.375,101.0,1.0,1.0,0.0,0.666666667,0.0,0.0,31.33333333,2.0,1.0,0
9.0,1.0,0.0,9.0,13.0,30.0,9.0,0.0,8.0,0.125,112.0,1.0,0.0,0.0,0.4375,0.0,0.0,11.33333333,1.0,0.7778,0
9.0,2.0,0.0,9.0,49.0,8.0,1.0,0.0,6.0,0.484375,365.0,0.125,0.0,0.533333333,0.3125,0.0,0.0,38.66666667,10.0,1.7778,0
8.0,1.0,0.0,7.0,22.0,12.0,3.0,0.0,7.0,0.828571429,91.0,1.0,2.0,0.0,0.392857143,0.0,0.0,9.75,1.0,0.75,0
3.0,2.0,0.0,3.0,8.0,1.0,1.0,0.0,3.0,0.0,34.0,1.0,0.0,0.666666667,0.555555556,1.0,1.0,10.0,1.0,0.3333,0
4.0,3.0,0.0,5.0,11.0,4.0,3.0,0.0,4.0,2.0,82.0,0.0,0.0,0.928571429,0.5,1.0,2.0,19.5,10.0,3.0,0
3.0,1.0,0.0,1.0,7.0,0.0,1.0,0.0,3.0,0.0,33.0,1.0,0.0,0.0,0.666666667,0.0,0.0,9.666666667,1.0,0.6667,0
15.0,1.0,1.0,0.0,27.0,73.0,0.0,0.0,15.0,0.857142857,145.0,1.0,2.0,0.0,0.255555556,0.0,0.0,8.4,9.0,1.8,0
5.0,2.0,0.0,11.0,41.0,8.0,0.0,0.0,3.0,0.875,376.0,1.0,1.0,0.869565217,0.5625,0.0,0.0,73.8,1.0,0.6,1
13.0,4.0,16.0,19.0,54.0,22.0,16.0,0.0,12.0,0.683333333,339.0,1.0,0.0,0.838235294,0.416666667,1.0,1.0,24.69230769,1.0,0.8462,0
12.0,1.0,0.0,1.0,20.0,62.0,1.0,0.0,5.0,0.923444976,357.0,0.052631579,1.0,0.0,0.212121212,0.0,0.0,25.58333333,1.0,0.75,0
21.0,2.0,0.0,5.0,66.0,114.0,1.0,0.0,19.0,0.827272727,607.0,0.090909091,0.0,0.558139535,0.3375,0.0,0.0,27.38095238,16.0,2.2381,0
1.0,1.0,0.0,2.0,2.0,0.0,2.0,0.0,1.0,2.0,32.0,0.0,0.0,0.0,1.0,0.0,0.0,24.0,0.0,0.0,0
6.0,2.0,0.0,8.0,25.0,0.0,6.0,0.0,4.0,0.1,178.0,1.0,0.0,0.2,0.4,0.0,0.0,28.33333333,2.0,1.3333,0
1.0,1.0,0.0,0.0,1.0,0.0,0.0,0.0,1.0,2.0,1.0,0.0,0.0,0.0,1.0,0.0,0.0,0.0,1.0,1.0,0
31.0,4.0,0.0,5.0,69.0,451.0,4.0,0.0,28.0,0.377777778,270.0,1.0,0.0,0.6375,0.141666667,2.0,9.0,7.612903226,5.0,1.2258,0
2.0,2.0,0.0,3.0,4.0,0.0,3.0,0.0,2.0,0.0,15.0,1.0,1.0,0.5,0.666666667,0.0,0.0,6.0,1.0,0.5,0
11.0,3.0,0.0,2.0,22.0,0.0,1.0,0.0,10.0,0.35,108.0,1.0,1.0,0.9,0.3,1.0,1.0,8.636363636,2.0,0.9091,0
3.0,3.0,0.0,3.0,13.0,3.0,0.0,0.0,3.0,2.0,95.0,0.0,0.0,0.954545455,0.555555556,1.0,3.0,30.66666667,1.0,0.6667,0
10.0,2.0,0.0,10.0,30.0,35.0,2.0,0.0,9.0,0.888888889,164.0,0.6,0.0,0.923076923,0.325,2.0,2.0,14.9,1.0,0.9,1
5.0,1.0,0.0,0.0,33.0,10.0,0.0,0.0,3.0,2.0,264.0,0.0,0.0,0.0,0.4,0.0,0.0,51.8,8.0,3.4,0
7.0,2.0,0.0,0.0,32.0,21.0,0.0,0.0,7.0,2.0,163.0,0.0,0.0,0.538461538,0.904761905,1.0,1.0,22.28571429,3.0,1.2857,0
14.0,2.0,0.0,11.0,59.0,59.0,0.0,0.0,12.0,0.871794872,510.0,1.0,0.0,0.48,0.452380952,1.0,5.0,35.0,7.0,1.4286,0
21.0,1.0,0.0,12.0,95.0,124.0,5.0,0.0,14.0,0.858333333,719.0,1.0,2.0,0.0,0.225,0.0,0.0,32.66666667,12.0,1.9048,1
5.0,2.0,0.0,6.0,20.0,0.0,1.0,0.0,4.0,0.833333333,176.0,0.166666667,1.0,0.888888889,0.357142857,0.0,0.0,33.0,6.0,1.6,0
1.0,1.0,0.0,0.0,1.0,0.0,0.0,0.0,1.0,2.0,2.0,0.0,0.0,0.0,1.0,0.0,0.0,0.0,1.0,1.0,0
2.0,4.0,0.0,4.0,5.0,1.0,1.0,0.0,2.0,2.0,39.0,0.0,0.0,0.975609756,0.666666667,1.0,1.0,18.5,1.0,0.5,0
1.0,2.0,0.0,1.0,2.0,0.0,0.0,0.0,1.0,2.0,4.0,0.0,0.0,1.0,1.0,0.0,0.0,3.0,0.0,0.0,0
17.0,1.0,0.0,1.0,22.0,0.0,1.0,0.0,16.0,0.4375,275.0,1.0,0.0,0.0,0.352941176,0.0,0.0,14.94117647,5.0,2.2353,0
90.0,1.0,0.0,26.0,158.0,3537.0,11.0,0.0,81.0,0.960356159,1560.0,0.924528302,5.0,0.0,0.175561798,0.0,0.0,15.74444444,8.0,1.3222,0
5.0,2.0,0.0,7.0,13.0,10.0,3.0,0.0,5.0,2.0,63.0,0.0,0.0,0.5,0.533333333,0.0,0.0,11.6,2.0,1.4,0
2.0,1.0,0.0,1.0,3.0,1.0,1.0,0.0,1.0,1.963636364,231.0,0.0,0.0,0.0,1.0,0.0,0.0,87.0,0.0,0.0,0
16.0,1.0,0.0,15.0,16.0,120.0,15.0,0.0,16.0,2.0,16.0,0.0,0.0,0.0,0.3125,0.0,0.0,0.0,1.0,1.0,0
2.0,4.0,0.0,5.0,5.0,1.0,1.0,0.0,2.0,2.0,24.0,0.0,0.0,0.975609756,0.666666667,0.0,0.0,11.0,1.0,0.5,0
8.0,1.0,0.0,2.0,18.0,2.0,2.0,0.0,7.0,0.571428571,63.0,1.0,1.0,0.0,0.40625,0.0,0.0,6.625,1.0,0.875,0
10.0,2.0,0.0,4.0,21.0,0.0,1.0,0.0,9.0,0.694444444,218.0,0.375,1.0,0.897058824,0.311111111,1.0,1.0,20.0,6.0,1.3,0
22.0,3.0,1.0,11.0,58.0,125.0,1.0,0.0,21.0,0.870748299,560.0,0.071428571,0.0,0.661016949,0.258503401,1.0,6.0,23.81818182,5.0,1.2273,0
2.0,2.0,0.0,5.0,13.0,1.0,1.0,0.0,2.0,2.0,33.0,0.0,0.0,0.916666667,0.666666667,0.0,0.0,15.5,1.0,0.5,0
24.0,3.0,0.0,2.0,46.0,0.0,1.0,0.0,20.0,0.724637681,218.0,1.0,1.0,0.625,0.27173913,1.0,1.0,7.958333333,3.0,1.5,0
1.0,1.0,0.0,2.0,2.0,0.0,2.0,0.0,1.0,2.0,10.0,0.0,0.0,0.0,1.0,0.0,0.0,3.0,0.0,0.0,0
2.0,4.0,0.0,0.0,4.0,1.0,0.0,0.0,2.0,2.0,9.0,0.0,0.0,1.0,0.75,0.0,0.0,3.5,0.0,0.0,0
34.0,1.0,0.0,0.0,67.0,0.0,0.0,0.0,32.0,0.727272727,233.0,1.0,2.0,0.0,0.264705882,0.0,0.0,5.735294118,2.0,1.0,0
2.0,2.0,1.0,0.0,4.0,1.0,0.0,0.0,1.0,2.0,37.0,0.0,0.0,0.9,0.666666667,0.0,0.0,17.5,1.0,0.5,0
2.0,1.0,0.0,1.0,7.0,1.0,1.0,0.0,2.0,2.0,23.0,1.0,0.0,0.0,0.6,0.0,0.0,10.0,1.0,0.5,0
14.0,1.0,0.0,20.0,72.0,41.0,6.0,0.0,6.0,0.699300699,723.0,1.0,3.0,0.0,0.242857143,0.0,0.0,49.85714286,4.0,1.2143,0
6.0,2.0,3.0,0.0,7.0,15.0,0.0,0.0,6.0,2.0,9.0,0.0,0.0,0.444444444,0.611111111,0.0,0.0,0.5,1.0,0.8333,0
1.0,1.0,0.0,0.0,1.0,0.0,0.0,0.0,1.0,2.0,1.0,0.0,0.0,0.0,1.0,0.0,0.0,0.0,1.0,1.0,0
53.0,1.0,0.0,33.0,113.0,1152.0,25.0,0.0,46.0,0.932692308,1038.0,0.96875,7.0,0.0,0.131410256,0.0,0.0,17.98113208,18.0,1.7358,1
7.0,1.0,0.0,7.0,24.0,13.0,7.0,0.0,4.0,0.833333333,314.0,1.0,0.0,0.0,0.214285714,0.0,0.0,42.85714286,4.0,2.4286,0
10.0,2.0,2.0,8.0,34.0,25.0,2.0,0.0,7.0,0.793650794,210.0,1.0,2.0,0.714285714,0.472222222,0.0,0.0,19.3,5.0,1.2,0
11.0,1.0,0.0,1.0,12.0,55.0,0.0,0.0,11.0,2.0,14.0,0.0,0.0,0.0,0.454545455,0.0,0.0,0.272727273,1.0,0.9091,0
12.0,1.0,0.0,14.0,38.0,14.0,7.0,0.0,11.0,0.672727273,158.0,1.0,3.0,0.0,0.25974026,0.0,0.0,11.75,1.0,0.75,0
8.0,2.0,0.0,3.0,11.0,12.0,2.0,0.0,5.0,0.642857143,52.0,1.0,1.0,0.416666667,0.40625,1.0,1.0,5.25,1.0,0.875,0
121.0,1.0,0.0,63.0,121.0,7260.0,52.0,0.0,121.0,1.008333333,122.0,0.0,0.0,0.0,0.123331214,0.0,0.0,0.0,1.0,1.0,0
11.0,2.0,0.0,9.0,53.0,0.0,0.0,0.0,10.0,0.7,473.0,1.0,1.0,0.82,0.8,0.0,0.0,41.72727273,3.0,1.6364,0
2.0,1.0,0.0,0.0,2.0,1.0,0.0,0.0,2.0,2.0,2.0,0.0,0.0,0.0,0.75,0.0,0.0,0.0,1.0,1.0,0
36.0,1.0,0.0,23.0,76.0,210.0,18.0,0.0,36.0,0.831168831,1025.0,1.0,1.0,0.0,0.143518519,0.0,0.0,27.16666667,3.0,1.3889,1
9.0,5.0,0.0,3.0,23.0,4.0,0.0,0.0,8.0,0.708333333,158.0,1.0,0.0,0.925233645,0.333333333,1.0,1.0,16.22222222,1.0,0.8889,0
4.0,1.0,0.0,5.0,29.0,4.0,2.0,0.0,3.0,0.333333333,213.0,1.0,0.0,0.0,0.5,0.0,0.0,52.0,1.0,0.5,0
12.0,2.0,0.0,4.0,23.0,42.0,1.0,0.0,9.0,0.844155844,1209.0,0.857142857,0.0,0.476190476,0.35,1.0,2.0,99.16666667,1.0,0.9167,0
110.0,1.0,1.0,13.0,177.0,4753.0,3.0,0.0,92.0,0.921035387,1126.0,0.928571429,7.0,0.0,0.176605505,0.0,0.0,8.981818182,3.0,1.0455,0
4.0,1.0,0.0,3.0,21.0,0.0,3.0,0.0,3.0,0.5,242.0,1.0,0.0,0.0,0.555555556,0.0,0.0,59.0,4.0,1.25,0
11.0,2.0,0.0,2.0,21.0,0.0,1.0,0.0,8.0,0.6,86.0,1.0,1.0,0.68,0.316666667,0.0,0.0,6.636363636,3.0,1.2727,0
9.0,3.0,0.0,7.0,59.0,0.0,0.0,0.0,7.0,0.625,491.0,1.0,4.0,0.75,0.263888889,2.0,2.0,53.0,2.0,1.0,1
2.0,4.0,0.0,3.0,3.0,1.0,1.0,0.0,2.0,2.0,8.0,0.0,0.0,0.975609756,0.666666667,0.0,0.0,3.0,1.0,0.5,0
7.0,1.0,0.0,2.0,8.0,21.0,2.0,0.0,7.0,2.0,10.0,0.0,0.0,0.0,0.476190476,0.0,0.0,0.428571429,1.0,0.8571,0
15.0,1.0,0.0,13.0,60.0,105.0,13.0,0.0,12.0,1.0,766.0,1.0,0.0,0.0,0.226190476,0.0,0.0,50.0,8.0,3.9333,1
54.0,4.0,0.0,16.0,222.0,817.0,2.0,0.0,32.0,0.849056604,3912.0,0.966666667,2.0,0.616541353,0.129380054,2.0,10.0,70.88888889,30.0,3.6296,1
13.0,1.0,1.0,4.0,14.0,66.0,1.0,0.0,13.0,0.791666667,41.0,1.0,0.0,0.0,0.461538462,0.0,0.0,2.0,1.0,0.9231,0
2.0,4.0,0.0,4.0,5.0,1.0,1.0,0.0,2.0,2.0,39.0,0.0,0.0,0.975609756,0.666666667,1.0,1.0,18.5,1.0,0.5,0
10.0,1.0,0.0,5.0,17.0,7.0,4.0,0.0,10.0,1.027777778,280.0,0.25,0.0,0.0,0.7,0.0,0.0,25.0,6.0,1.7,0
47.0,1.0,0.0,7.0,162.0,1081.0,3.0,0.0,44.0,1.02173913,2279.0,1.0,0.0,0.0,0.104143337,0.0,0.0,47.44680851,19.0,2.4894,0
3.0,1.0,0.0,2.0,6.0,1.0,1.0,0.0,2.0,0.5,20.0,1.0,0.0,0.0,0.666666667,0.0,0.0,5.333333333,1.0,0.6667,0
4.0,1.0,0.0,2.0,10.0,0.0,1.0,0.0,3.0,0.333333333,50.0,1.0,0.0,0.0,0.466666667,0.0,0.0,11.25,2.0,0.75,0
7.0,1.0,1.0,3.0,8.0,9.0,1.0,0.0,7.0,0.583333333,35.0,1.0,0.0,0.0,0.642857143,0.0,0.0,3.714285714,1.0,0.8571,0
17.0,1.0,0.0,10.0,48.0,6.0,2.0,0.0,15.0,0.775,1267.0,1.0,6.0,0.0,0.232142857,0.0,0.0,72.35294118,4.0,1.1176,0
51.0,1.0,0.0,44.0,124.0,0.0,1.0,0.0,39.0,0.679166667,4367.0,0.791666667,9.0,0.0,0.2,0.0,0.0,84.15686275,11.0,2.1373,0
1.0,1.0,0.0,6.0,1.0,0.0,5.0,0.0,1.0,2.0,1.0,0.0,0.0,0.0,1.0,0.0,0.0,0.0,1.0,1.0,0
38.0,1.0,0.0,21.0,104.0,493.0,6.0,0.0,36.0,0.930501931,943.0,1.0,5.0,0.0,0.117117117,0.0,0.0,23.26315789,9.0,1.5526,0
33.0,2.0,0.0,7.0,78.0,342.0,1.0,0.0,23.0,0.8203125,737.0,1.0,1.0,0.607594937,0.552083333,2.0,7.0,20.84848485,8.0,1.5455,1
2.0,1.0,0.0,3.0,14.0,1.0,0.0,0.0,2.0,2.0,1791.0,0.0,0.0,0.0,0.75,0.0,0.0,894.5,11.0,5.5,0
6.0,1.0,0.0,15.0,6.0,15.0,14.0,0.0,6.0,2.0,6.0,0.0,0.0,0.0,0.75,0.0,0.0,0.0,1.0,1.0,0
3.0,1.0,0.0,3.0,5.0,1.0,1.0,0.0,2.0,0.5,22.0,0.0,2.0,0.0,0.5,0.0,0.0,5.666666667,1.0,0.6667,0
2.0,1.0,0.0,1.0,7.0,1.0,1.0,0.0,2.0,1.0,26.0,1.0,0.0,0.0,0.6,0.0,0.0,11.5,1.0,0.5,0
13.0,1.0,5.0,6.0,20.0,34.0,5.0,0.0,12.0,0.8,89.0,1.0,1.0,0.0,0.403846154,0.0,0.0,5.461538462,1.0,0.9231,0
8.0,1.0,0.0,4.0,36.0,26.0,4.0,0.0,7.0,1.071428571,351.0,0.0,0.0,0.0,0.380952381,0.0,0.0,42.375,8.0,3.625,0
18.0,1.0,4.0,11.0,34.0,119.0,10.0,0.0,7.0,0.705882353,387.0,0.2,4.0,0.0,0.305882353,0.0,0.0,20.22222222,15.0,3.4444,1
1.0,1.0,0.0,5.0,1.0,0.0,4.0,0.0,1.0,2.0,1.0,0.0,0.0,0.0,1.0,0.0,0.0,0.0,1.0,1.0,0
4.0,4.0,4.0,0.0,8.0,6.0,0.0,0.0,4.0,2.0,20.0,0.0,0.0,1.0,0.666666667,0.0,0.0,4.0,0.0,0.0,0
2.0,1.0,0.0,2.0,5.0,1.0,1.0,0.0,2.0,2.0,15.0,0.0,0.0,0.0,0.75,0.0,0.0,6.5,2.0,1.0,0
8.0,3.0,0.0,8.0,29.0,26.0,2.0,0.0,7.0,2.0,264.0,0.0,0.0,0.847826087,0.416666667,0.0,0.0,32.0,1.0,0.875,0
6.0,1.0,0.0,11.0,6.0,15.0,8.0,0.0,6.0,2.0,6.0,0.0,0.0,0.0,0.416666667,0.0,0.0,0.0,1.0,1.0,0
19.0,2.0,4.0,0.0,38.0,171.0,0.0,0.0,18.0,2.0,120.0,0.0,0.0,0.485714286,0.377192982,0.0,0.0,5.315789474,1.0,0.9474,0
10.0,3.0,0.0,10.0,42.0,11.0,0.0,0.0,9.0,0.555555556,273.0,0.5,0.0,0.829787234,0.466666667,2.0,2.0,26.1,1.0,0.8,0
3.0,3.0,0.0,0.0,4.0,0.0,0.0,0.0,3.0,0.5,21.0,1.0,0.0,0.6,0.5,0.0,0.0,5.333333333,1.0,0.6667,0
13.0,2.0,0.0,7.0,33.0,0.0,2.0,0.0,12.0,0.638888889,382.0,1.0,1.0,0.586206897,0.323076923,0.0,0.0,28.15384615,8.0,1.6154,0
3.0,1.0,0.0,1.0,14.0,3.0,1.0,0.0,3.0,2.0,138.0,0.0,0.0,0.0,0.5,0.0,0.0,45.0,13.0,5.6667,1
20.0,2.0,0.0,5.0,51.0,156.0,1.0,0.0,19.0,0.642105263,429.0,1.0,2.0,0.6875,0.371428571,0.0,0.0,20.2,2.0,0.3,0
1.0,6.0,0.0,1.0,7.0,0.0,1.0,0.0,1.0,2.0,17.0,0.0,0.0,1.0,1.0,0.0,0.0,16.0,0.0,0.0,0
3.0,1.0,0.0,3.0,6.0,1.0,3.0,0.0,2.0,0.5,23.0,1.0,0.0,0.0,0.5,0.0,0.0,6.333333333,3.0,1.0,0
2.0,2.0,0.0,5.0,10.0,1.0,2.0,0.0,2.0,2.0,36.0,0.0,0.0,0.916666667,0.666666667,1.0,1.0,17.0,1.0,0.5,0
9.0,1.0,0.0,17.0,53.0,30.0,2.0,0.0,3.0,0.958333333,624.0,1.0,1.0,0.0,0.266666667,0.0,0.0,67.66666667,16.0,5.1111,1
2.0,1.0,0.0,5.0,22.0,0.0,1.0,0.0,2.0,1.0,134.0,1.0,1.0,0.0,0.6,0.0,0.0,65.0,4.0,2.0,0
5.0,2.0,0.0,2.0,16.0,0.0,1.0,0.0,5.0,0.625,90.0,1.0,0.0,0.2,0.4,0.0,0.0,16.6,2.0,1.2,1
14.0,1.0,0.0,19.0,14.0,91.0,19.0,0.0,14.0,2.0,14.0,0.0,0.0,0.0,0.285714286,0.0,0.0,0.0,1.0,1.0,0
130.0,2.0,0.0,64.0,270.0,6759.0,56.0,0.0,123.0,0.915503876,2700.0,1.0,6.0,0.118881119,0.069232825,0.0,0.0,19.53846154,8.0,1.2692,0
33.0,1.0,0.0,9.0,34.0,528.0,9.0,0.0,32.0,1.03125,70.0,0.0,0.0,0.0,0.281385281,0.0,0.0,0.090909091,1.0,0.9697,0
9.0,3.0,0.0,4.0,32.0,6.0,2.0,0.0,7.0,2.0,265.0,0.0,0.0,0.829787234,0.444444444,0.0,0.0,28.44444444,1.0,0.8889,0
17.0,2.0,4.0,0.0,31.0,130.0,0.0,0.0,15.0,0.5625,161.0,1.0,0.0,0.25,0.234375,0.0,0.0,8.352941176,1.0,0.8824,0
4.0,1.0,0.0,3.0,8.0,4.0,1.0,0.0,3.0,0.666666667,26.0,1.0,0.0,0.0,0.875,0.0,0.0,5.25,1.0,0.75,0
5.0,3.0,0.0,0.0,9.0,0.0,0.0,0.0,2.0,0.75,47.0,1.0,0.0,0.869565217,0.583333333,2.0,2.0,7.8,1.0,0.6,0
9.0,1.0,1.0,6.0,41.0,4.0,2.0,0.0,5.0,0.5,282.0,1.0,0.0,0.0,0.34375,0.0,0.0,30.11111111,1.0,0.7778,0
8.0,1.0,0.0,6.0,64.0,22.0,2.0,0.0,6.0,0.714285714,509.0,1.0,1.0,0.0,0.285714286,0.0,0.0,62.375,12.0,2.625,0
7.0,2.0,0.0,3.0,20.0,7.0,1.0,0.0,4.0,0.722222222,143.0,1.0,0.0,0.5,0.285714286,1.0,4.0,19.0,3.0,1.5714,0
4.0,5.0,0.0,2.0,12.0,0.0,0.0,0.0,4.0,0.0,41.0,1.0,0.0,0.957746479,0.625,1.0,1.0,9.0,1.0,0.75,0
